song_name,url,title,channel,duration,view_count,selection_score,selection_reason,video_id
I Do,https://www.youtube.com/watch?v=wIgduzASI6A,Jay Chou 周杰倫【I Do】Official Music Video,周杰倫 Jay Chou,217,10768255,177,official-channel;official-mv;quality-marker;song-length;views-tiebreaker,wIgduzASI6A
Mine Mine,https://www.youtube.com/watch?v=me7jfhFIZvk,周杰倫 Jay Chou【Mine Mine】Official MV,周杰倫 Jay Chou,267,25047163,177,official-channel;official-mv;quality-marker;song-length;views-tiebreaker,me7jfhFIZvk
Mojito,https://www.youtube.com/watch?v=-biOGdYiF-I,"周杰倫 Jay Chou【Mojito】Official MV ★ Check out ""J-Style Trip"" on Netflix -Travelogue, Magic and Fun!",周杰倫 Jay Chou,189,45101436,177,official-channel;official-mv;quality-marker;song-length;views-tiebreaker,-biOGdYiF-I
Now You See Me,https://www.youtube.com/watch?v=LbUKhXO2oCs,周杰倫 Jay Chou 【Now You See Me】Official MV (120s),周杰倫 Jay Chou,125,7635528,177,official-channel;official-mv;quality-marker;song-length;views-tiebreaker,LbUKhXO2oCs
Six Degrees,https://www.youtube.com/watch?v=s__iJysWkCY,Patrick Brasca & Jay Chou【Six Degrees】,周杰倫 Jay Chou,201,8911847,130,official-channel;song-length;views-tiebreaker,s__iJysWkCY
一口氣全唸對,https://www.youtube.com/watch?v=C18nyaRnR1Q,周杰倫 Jay Chou【一口氣全唸對 One Breath】Official MV,周杰倫 Jay Chou,163,7734975,177,official-channel;official-mv;quality-marker;song-length;views-tiebreaker,C18nyaRnR1Q
一路向北,https://www.youtube.com/watch?v=L229QDxDakU,周杰倫 Jay Chou【一路向北 All the Way North】-Official Music Video,周杰倫 Jay Chou,302,106003156,177,official-channel;official-mv;quality-marker;song-length;views-tiebreaker,L229QDxDakU
一點點,https://www.youtube.com/watch?v=COhiu3c7Sgc,周杰倫 Jay Chou【一點點 A Little Bit】Official MV,周杰倫 Jay Chou,220,10774325,177,official-channel;official-mv;quality-marker;song-length;views-tiebreaker,COhiu3c7Sgc
七月的極光,https://www.youtube.com/watch?v=PJyFND4-zR4,Jay Chou 周杰倫【Aurora in July 七月的極光】Official Music Video,周杰倫 Jay Chou,190,3734525,176,official-channel;official-mv;quality-marker;song-length;views-tiebreaker,PJyFND4-zR4
七里香,https://www.youtube.com/watch?v=Bbp9ZaJD_eA,周杰倫 Jay Chou【七里香 Orange Jasmine】-Official Music Video,周杰倫 Jay Chou,304,81084049,177,official-channel;official-mv;quality-marker;song-length;views-tiebreaker,Bbp9ZaJD_eA
三年二班,https://www.youtube.com/watch?v=_trE3M24kQY,周杰倫 Jay Chou【三年二班 Class 3-2】-Official Music Video,周杰倫 Jay Chou,460,7944342,177,official-channel;official-mv;quality-marker;song-length;views-tiebreaker,_trE3M24kQY
上海一九四三,https://www.youtube.com/watch?v=CcfnZOJpbM4,周杰倫 Jay Chou【上海 一九四三 Shanghai 1943】Official MV,周杰倫 Jay Chou,210,8145621,177,official-channel;official-mv;quality-marker;song-length;views-tiebreaker,CcfnZOJpbM4
不愛我就拉倒,https://www.youtube.com/watch?v=MAjY8mCTXWk,"周杰倫 Jay Chou【不愛我就拉倒 If You Don't Love Me, It's Fine】Official MV 發燒影片華語地區蟬聯第一 美國直衝前二",周杰倫 Jay Chou,251,54127752,177,official-channel;official-mv;quality-marker;song-length;views-tiebreaker,MAjY8mCTXWk
不能說的祕密,https://www.youtube.com/watch?v=uIWypArI73w,周杰倫 Jay Chou【不能說的祕密 Secret】-Official Music Video,周杰倫 Jay Chou,336,50076597,177,official-channel;official-mv;quality-marker;song-length;views-tiebreaker,uIWypArI73w
不該,https://www.youtube.com/watch?v=_VxLOj3TB5k,周杰倫Jay Chou X aMEI【不該 Shouldn't Be】Official MV,周杰倫 Jay Chou,294,186330819,177,official-channel;official-mv;quality-marker;song-length;views-tiebreaker,_VxLOj3TB5k
世界末日,https://www.youtube.com/watch?v=NDFULbHgL6E,周杰倫 Jay Chou【世界末日 End of the World】Official MV,周杰倫 Jay Chou,263,7397292,177,official-channel;official-mv;quality-marker;song-length;views-tiebreaker,NDFULbHgL6E
亂舞春秋,https://www.youtube.com/watch?v=2Tg3uzSAkXk,周杰倫 Jay Chou【亂舞春秋 Chaotic Dance】-Official Music Video,周杰倫 Jay Chou,288,3353704,175,official-channel;official-mv;quality-marker;song-length;views-tiebreaker,2Tg3uzSAkXk
以父之名,https://www.youtube.com/watch?v=9q7JOQfcJQM,周杰倫 Jay Chou【以父之名 In The Name of The Father】-Official Music Video,周杰倫 Jay Chou,364,21181105,177,official-channel;official-mv;quality-marker;song-length;views-tiebreaker,9q7JOQfcJQM
伊斯坦堡,https://www.youtube.com/watch?v=s9wvjSkR_Ms,周杰倫Jay Chou【伊斯坦堡 Istanbul】-Official Music Video,周杰倫 Jay Chou,208,2740171,173,official-channel;official-mv;quality-marker;song-length;views-tiebreaker,s9wvjSkR_Ms
你好嗎,https://www.youtube.com/watch?v=Wrbjahfg8RM,周杰倫 Jay Chou【你好嗎 How Are You】Official MV,周杰倫 Jay Chou,222,15987487,177,official-channel;official-mv;quality-marker;song-length;views-tiebreaker,Wrbjahfg8RM
你比從前快樂,https://www.youtube.com/watch?v=X_XqvQJi_6E,周杰倫 Jay Chou【你比從前快樂 You Are Happier Than Before】Official MV,周杰倫 Jay Chou,201,3153799,174,official-channel;official-mv;quality-marker;song-length;views-tiebreaker,X_XqvQJi_6E
倒影,https://www.youtube.com/watch?v=a0AyNzV3yk8,周杰倫 JAY CHOU【倒影 Reflection】Official MV,周杰倫 Jay Chou,234,9126152,177,official-channel;official-mv;quality-marker;song-length;views-tiebreaker,a0AyNzV3yk8
傻笑,https://www.youtube.com/watch?v=rKFtivD7Rvw,周杰倫 Jay Chou【傻笑 Smile (feat. 袁詠琳 Cindy)】Official MV,周杰倫 Jay Chou,289,29144837,177,official-channel;official-mv;quality-marker;song-length;views-tiebreaker,rKFtivD7Rvw
免費教學錄影帶,https://www.youtube.com/watch?v=lqVvHAFPIrw,周杰倫 Jay Chou【免費教學錄影帶 Free Tutorial Video】Official MV,周杰倫 Jay Chou,262,1076027,167,official-channel;official-mv;quality-marker;song-length;views-tiebreaker,lqVvHAFPIrw
公主病,https://www.youtube.com/watch?v=S-p4gXbIifo,周杰倫 Jay Chou【公主病 Princess Syndrome】Official MV,周杰倫 Jay Chou,216,16895849,177,official-channel;official-mv;quality-marker;song-length;views-tiebreaker,S-p4gXbIifo
公公偏頭痛,https://www.youtube.com/watch?v=FbqBv7Tz1QY,周杰倫 Jay Chou【公公偏頭痛 Eunuch with a Headache】Official MV,周杰倫 Jay Chou,186,24979360,177,official-channel;official-mv;quality-marker;song-length;views-tiebreaker,FbqBv7Tz1QY
分裂,https://www.youtube.com/watch?v=eM6mF4RWhe0,周杰倫 Jay Chou【分裂 Split】Official MV,周杰倫 Jay Chou,269,8001842,177,official-channel;official-mv;quality-marker;song-length;views-tiebreaker,eM6mF4RWhe0
前世情人,https://www.youtube.com/watch?v=j9k3liT2MLo,周杰倫 Jay Chou【前世情人 Lover From Previous Life】Official MV,周杰倫 Jay Chou,208,10712533,177,official-channel;official-mv;quality-marker;song-length;views-tiebreaker,j9k3liT2MLo
千里之外,https://www.youtube.com/watch?v=ocDo3ySyHSI,周杰倫 Jay Chou【千里之外 Far Away (feat.費玉清 Fei Yu-ching)】-Official Music Video,周杰倫 Jay Chou,272,46935053,177,official-channel;official-mv;quality-marker;song-length;views-tiebreaker,ocDo3ySyHSI
半島鐵盒,https://www.youtube.com/watch?v=duZDsG3tvoA,周杰倫 Jay Chou【半島鐵盒 Peninsula Ironbox】Official MV,周杰倫 Jay Chou,320,26594656,177,official-channel;official-mv;quality-marker;song-length;views-tiebreaker,duZDsG3tvoA
半獸人,https://www.youtube.com/watch?v=3I27c6t-0No,周杰倫 Jay Chou【半獸人 Half-beast Human】Official MV,周杰倫 Jay Chou,248,5370252,177,official-channel;official-mv;quality-marker;song-length;views-tiebreaker,3I27c6t-0No
印地安老斑鳩,https://www.youtube.com/watch?v=hnmWCmR6o7A,周杰倫 Jay Chou【印地安老斑鳩 Ancient Indian Turtledove】-Official Music Video,周杰倫 Jay Chou,306,2738849,173,official-channel;official-mv;quality-marker;song-length;views-tiebreaker,hnmWCmR6o7A
即興曲,https://www.youtube.com/watch?v=yjYkxdXd7EA,周杰倫 JAY CHOU【即興曲 Improvisation】Official MV,周杰倫 Jay Chou,100,607151,164,official-channel;official-mv;quality-marker;song-length;views-tiebreaker,yjYkxdXd7EA
反方向的鐘,https://www.youtube.com/watch?v=fuM1aVCGR8c,Jay Chou 周杰倫【反方向的鐘 Counter-clockwise Clock】-Official Music Video,周杰倫 Jay Chou,263,9074120,177,official-channel;official-mv;quality-marker;song-length;views-tiebreaker,fuM1aVCGR8c
可愛女人,https://www.youtube.com/watch?v=87VUC4J_0Ps,周杰倫 Jay Chou【可愛女人 Cute Girl (feat.徐若瑄Vivian)】 -Official Music Video,周杰倫 Jay Chou,239,19905306,177,official-channel;official-mv;quality-marker;song-length;views-tiebreaker,87VUC4J_0Ps
同一種調調,https://www.youtube.com/watch?v=D0x09XJgyO4,周杰倫 Jay Chou【同一種調調 Same Tone】 -Official Music Video,周杰倫 Jay Chou,234,1605868,169,official-channel;official-mv;quality-marker;song-length;views-tiebreaker,D0x09XJgyO4
告白氣球,https://www.youtube.com/watch?v=bu7nU9Mhpyo,周杰倫 Jay Chou (特別演出: 派偉俊)【告白氣球 Love Confession】Official MV,周杰倫 Jay Chou,216,280657905,177,official-channel;official-mv;quality-marker;song-length;views-tiebreaker,bu7nU9Mhpyo
周大俠,https://www.youtube.com/watch?v=EZxhW-uSN_I,Jay Chou 周杰倫【周大俠 Master Chou】-Official Music Video(電影「功夫灌籃」主題曲),周杰倫 Jay Chou,141,3127979,174,official-channel;official-mv;quality-marker;song-length;views-tiebreaker,EZxhW-uSN_I
哪裡都是你,https://www.youtube.com/watch?v=yfn8sE9obWU,周杰倫 Jay Chou【哪裡都是你 You are everywhere】Official MV,周杰倫 Jay Chou,280,18613510,177,official-channel;official-mv;quality-marker;song-length;views-tiebreaker,yfn8sE9obWU
喬克叔叔,https://www.youtube.com/watch?v=GKT_1DTa2as,周杰倫 Jay Chou【喬克叔叔 Uncle Joker】-Official Music Video,周杰倫 Jay Chou,253,2070199,171,official-channel;official-mv;quality-marker;song-length;views-tiebreaker,GKT_1DTa2as
嘻哈空姐,https://www.youtube.com/watch?v=I1boAt2ChIs,周杰倫 Jay Chou【嘻哈空姐 Hip-hop Flight Attendant】Official MV,周杰倫 Jay Chou,170,1139681,167,official-channel;official-mv;quality-marker;song-length;views-tiebreaker,I1boAt2ChIs
四季列車,https://www.youtube.com/watch?v=SnKAHq6O0Is,周杰倫 Jay Chou【四季列車 Four Seasons Train】Official MV,周杰倫 Jay Chou,158,807336,165,official-channel;official-mv;quality-marker;song-length;views-tiebreaker,SnKAHq6O0Is
四面楚歌,https://www.youtube.com/watch?v=JljURsMOLmc,周杰倫 Jay Chou【四面楚歌 Surrounded】-Official Music Video,周杰倫 Jay Chou,253,7368960,177,official-channel;official-mv;quality-marker;song-length;views-tiebreaker,JljURsMOLmc
回到過去,https://www.youtube.com/watch?v=MKNrnSsIwf8,周杰倫 Jay Chou【回到過去 Back to the Past】Official MV,周杰倫 Jay Chou,299,20524827,177,official-channel;official-mv;quality-marker;song-length;views-tiebreaker,MKNrnSsIwf8
困獸之鬥,https://www.youtube.com/watch?v=pm91leB_P8c,周杰倫 Jay Chou【困獸之鬥 Struggle】-Official Music Video,周杰倫 Jay Chou,271,2116059,171,official-channel;official-mv;quality-marker;song-length;views-tiebreaker,pm91leB_P8c
園遊會,https://www.youtube.com/watch?v=IoCoIxkGkVw,周杰倫 Jay Chou【園遊會 Fun Fair】-Official Music Video,周杰倫 Jay Chou,251,14842120,177,official-channel;official-mv;quality-marker;song-length;views-tiebreaker,IoCoIxkGkVw
土耳其冰淇淋,https://www.youtube.com/watch?v=kOriLqPD7PI,周杰倫 Jay Chou (feat. 林書豪Jeremy Lin)【土耳其冰淇淋 Tu Er Qi Ice Cream】Official MV,周杰倫 Jay Chou,196,7289510,177,official-channel;official-mv;quality-marker;song-length;views-tiebreaker,kOriLqPD7PI
外婆,https://www.youtube.com/watch?v=Ur-x4pZT1Rk,周杰倫 Jay Chou【外婆 Grandma】-Official Music Video,周杰倫 Jay Chou,250,8831955,177,official-channel;official-mv;quality-marker;song-length;views-tiebreaker,Ur-x4pZT1Rk
夜曲,https://www.youtube.com/watch?v=6Q0Pd53mojY,周杰倫 Jay Chou【夜曲 Nocturne】-Official Music Video,周杰倫 Jay Chou,234,103977363,177,official-channel;official-mv;quality-marker;song-length;views-tiebreaker,6Q0Pd53mojY
夜的第七章,https://www.youtube.com/watch?v=AdkkF6MT0R0,周杰倫 Jay Chou【夜的第七章 Chapter Seven】-Official Music Video,周杰倫 Jay Chou,229,16562212,177,official-channel;official-mv;quality-marker;song-length;views-tiebreaker,AdkkF6MT0R0
夜的第七章電影版,https://www.youtube.com/watch?v=wTZrLNQ8WF8,周杰倫 Jay Chou【夜的第七章電影版 Chapter Seven】-Official Movie Version,周杰倫 Jay Chou,567,1138621,120,official-channel;song-length;views-tiebreaker,wTZrLNQ8WF8
夢想啟動,https://www.youtube.com/watch?v=5__rQ9efFQA,周杰倫 Jay Chou【夢想啟動 Dream】Official MV [4K],杰威爾歌詞MV頻道JVR Lyric MV,203,992,142,label-lyric-channel;official-mv;quality-marker;song-length;views-tiebreaker,5__rQ9efFQA
大笨鐘,https://www.youtube.com/watch?v=-u4sPnpaFEA,周杰倫 Jay Chou【大笨鐘 Big Ben】Official MV,周杰倫 Jay Chou,247,34411505,177,official-channel;official-mv;quality-marker;song-length;views-tiebreaker,-u4sPnpaFEA
天地一鬥,https://www.youtube.com/watch?v=eaW0jUGaHe0,Jay Chou 周杰倫【天地一鬥 Spark 】-Official Music Video(ft. Kobe Bryant),周杰倫 Jay Chou,187,2136327,171,official-channel;official-mv;quality-marker;song-length;views-tiebreaker,eaW0jUGaHe0
天地一鬥官方完整,https://www.youtube.com/watch?v=zVJN1maXgH4,"周杰倫+Kobe Bryant【天地一鬥 官方完整MV】Jay Chou ""Spark"" MV",周杰倫 Jay Chou,193,244611,114,official-channel;song-length;views-tiebreaker,zVJN1maXgH4
天涯過客,https://www.youtube.com/watch?v=-gJzlOJ0Zoo,周杰倫 Jay Chou【天涯過客 Passer-by】Official MV,周杰倫 Jay Chou,253,15368325,177,official-channel;official-mv;quality-marker;song-length;views-tiebreaker,-gJzlOJ0Zoo
太陽之子,https://www.youtube.com/watch?v=Hgnpi3eBQ9o,Jay Chou 周杰倫【Children of the Sun 太陽之子】Official Music Video,周杰倫 Jay Chou,419,9858825,177,official-channel;official-mv;quality-marker;song-length;views-tiebreaker,Hgnpi3eBQ9o
女兒殿下,https://www.youtube.com/watch?v=aGsrg1NO1cM,"Jay Chou 周杰倫【My Daughter, Your Highness女兒殿下】Official Music Video",周杰倫 Jay Chou,225,11109839,177,official-channel;official-mv;quality-marker;song-length;views-tiebreaker,aGsrg1NO1cM
她的睫毛,https://www.youtube.com/watch?v=gqzlB7Gla2E,周杰倫 Jay Chou【她的睫毛 Her Eyelashes】-Official Music Video,周杰倫 Jay Chou,232,6046600,177,official-channel;official-mv;quality-marker;song-length;views-tiebreaker,gqzlB7Gla2E
好久不見,https://www.youtube.com/watch?v=uAUBexRRFr0,周杰倫 Jay Chou【好久不見 Long Time No See】Official MV,周杰倫 Jay Chou,258,6420757,177,official-channel;official-mv;quality-marker;song-length;views-tiebreaker,uAUBexRRFr0
妳聽得到,https://www.youtube.com/watch?v=kLY11fv7fUk,周杰倫 Jay Chou【妳聽得到 You Hear Me】-Official Music Video,周杰倫 Jay Chou,278,6480600,177,official-channel;official-mv;quality-marker;song-length;views-tiebreaker,kLY11fv7fUk
威廉古堡,https://www.youtube.com/watch?v=lCzWCxVAkfc,周杰倫 Jay Chou【威廉古堡 William Castle】Official MV,周杰倫 Jay Chou,235,4306478,177,official-channel;official-mv;quality-marker;song-length;views-tiebreaker,lCzWCxVAkfc
娘子,https://www.youtube.com/watch?v=MpP9dw_j2PI,周杰倫 Jay Chou【娘子 Wife】-Official Music Video,周杰倫 Jay Chou,272,3332413,175,official-channel;official-mv;quality-marker;song-length;views-tiebreaker,MpP9dw_j2PI
安靜,https://www.youtube.com/watch?v=1hI-7vj2FhE,周杰倫 Jay Chou【安靜 Silence】Official MV,周杰倫 Jay Chou,332,63675992,177,official-channel;official-mv;quality-marker;song-length;views-tiebreaker,1hI-7vj2FhE
完美主義,https://www.youtube.com/watch?v=gxZHH8x2zPg,周杰倫 Jay Chou【完美主義 Perfectionism】-Official Music Video,周杰倫 Jay Chou,245,3083312,174,official-channel;official-mv;quality-marker;song-length;views-tiebreaker,gxZHH8x2zPg
將軍,https://www.youtube.com/watch?v=PaJdceSx4JA,周杰倫 Jay Chou【將軍 General】-Official Music Video,周杰倫 Jay Chou,212,3485368,175,official-channel;official-mv;quality-marker;song-length;views-tiebreaker,PaJdceSx4JA
對不起,https://www.youtube.com/watch?v=N2DkKFxijv0,周杰倫 Jay Chou【對不起 Sorry】Official MV,周杰倫 Jay Chou,226,3661656,176,official-channel;official-mv;quality-marker;song-length;views-tiebreaker,N2DkKFxijv0
帶我飛官方完整,https://www.youtube.com/watch?v=pAZjcx150Zc,"周杰倫+林志玲【帶我飛 官方完整MV】Jay Chou ""Fly Away"" MV",周杰倫 Jay Chou,265,452275,116,official-channel;song-length;views-tiebreaker,pAZjcx150Zc
床邊故事,https://www.youtube.com/watch?v=-7r6VqSllNg,周杰倫 Jay Chou【床邊故事 Bedtime Stories】Official MV,周杰倫 Jay Chou,229,13703786,177,official-channel;official-mv;quality-marker;song-length;views-tiebreaker,-7r6VqSllNg
彩虹,https://www.youtube.com/watch?v=WxZvXPTBC0A,周杰倫 Jay Chou【彩虹 Rainbow】-Official Music Video,周杰倫 Jay Chou,273,33410389,177,official-channel;official-mv;quality-marker;song-length;views-tiebreaker,WxZvXPTBC0A
心雨,https://www.youtube.com/watch?v=xVTI5eSzwzQ,周杰倫 Jay Chou【心雨 Rainy Mood】-Official Music Video,周杰倫 Jay Chou,268,11062382,177,official-channel;official-mv;quality-marker;song-length;views-tiebreaker,xVTI5eSzwzQ
忍者,https://www.youtube.com/watch?v=55yJh4SHUBY,周杰倫 Jay Chou【忍者 Ninja】Official MV,周杰倫 Jay Chou,160,4594941,177,official-channel;official-mv;quality-marker;song-length;views-tiebreaker,55yJh4SHUBY
怎麼了,https://www.youtube.com/watch?v=RcdscWaat_w,周杰倫 Jay Chou【怎麼了 What's Wrong (feat. 袁詠琳 Cindy)】Official MV,周杰倫 Jay Chou,233,16360022,177,official-channel;official-mv;quality-marker;song-length;views-tiebreaker,RcdscWaat_w
愛你沒差,https://www.youtube.com/watch?v=miBGaUagOz8,"周杰倫 Jay Chou【愛你沒差 Love you, no matter what】Official MV",周杰倫 Jay Chou,286,40118219,177,official-channel;official-mv;quality-marker;song-length;views-tiebreaker,miBGaUagOz8
愛在西元前,https://www.youtube.com/watch?v=5XK2C9w6oVk,周杰倫 Jay Chou【愛在西元前 Love before AD】Official MV,周杰倫 Jay Chou,239,25631471,177,official-channel;official-mv;quality-marker;song-length;views-tiebreaker,5XK2C9w6oVk
愛情廢柴,https://www.youtube.com/watch?v=2kdYSeoHChg,周杰倫 Jay Chou【愛情廢柴 Failure at love】Official MV,周杰倫 Jay Chou,280,60958178,177,official-channel;official-mv;quality-marker;song-length;views-tiebreaker,2kdYSeoHChg
愛情懸崖,https://www.youtube.com/watch?v=H5VQdhYh9rc,周杰倫 Jay Chou【愛情懸崖 Cliff】-Official Music Video,周杰倫 Jay Chou,270,3836628,176,official-channel;official-mv;quality-marker;song-length;views-tiebreaker,H5VQdhYh9rc
愛琴海,https://www.youtube.com/watch?v=ZLldhJXp7iw,Jay Chou 周杰倫【Aegean Sea 愛琴海】Official Music Video,周杰倫 Jay Chou,217,8495743,177,official-channel;official-mv;quality-marker;song-length;views-tiebreaker,ZLldhJXp7iw
愛的飛行日記,https://www.youtube.com/watch?v=odNYK272RtQ,周杰倫 Jay Chou【愛的飛行日記 Diary of Love (feat. 楊瑞代 Gary)】Official MV,周杰倫 Jay Chou,256,5283494,177,official-channel;official-mv;quality-marker;song-length;views-tiebreaker,odNYK272RtQ
懦夫,https://www.youtube.com/watch?v=Xi_RBDWZaT0,周杰倫 Jay Chou【懦夫 Coward】-Official Music Video,周杰倫 Jay Chou,218,1613370,169,official-channel;official-mv;quality-marker;song-length;views-tiebreaker,Xi_RBDWZaT0
我不配,https://www.youtube.com/watch?v=s-VFpsrbWLk,周杰倫 Jay Chou【我不配 Not Good Enough For You】-Official Music Video,周杰倫 Jay Chou,318,38257677,177,official-channel;official-mv;quality-marker;song-length;views-tiebreaker,s-VFpsrbWLk
我是如此相信,https://www.youtube.com/watch?v=TbFWYT9VGRk,周杰倫 Jay Chou【我是如此相信 I Truly Believe】(電影天火主題曲) Official MV,周杰倫 Jay Chou,266,25067590,177,official-channel;official-mv;quality-marker;song-length;views-tiebreaker,TbFWYT9VGRk
我的地盤,https://www.youtube.com/watch?v=RJerfq6MqY0,周杰倫 Jay Chou【我的地盤 My Territory】-Official Music Video,周杰倫 Jay Chou,251,2617728,173,official-channel;official-mv;quality-marker;song-length;views-tiebreaker,RJerfq6MqY0
我落淚情緒零碎,https://www.youtube.com/watch?v=6d0v2InyN_w,周杰倫 Jay Chou【我落淚 情緒零碎 Tears of Scattered Emotion】Official MV,周杰倫 Jay Chou,257,14665023,177,official-channel;official-mv;quality-marker;song-length;views-tiebreaker,6d0v2InyN_w
我要夏天,https://www.youtube.com/watch?v=3LFDEeLm0ss,周杰倫 Jay Chou【我要夏天 I Want Summer (feat. 楊瑞代 Gary)】Official MV,周杰倫 Jay Chou,230,7112702,177,official-channel;official-mv;quality-marker;song-length;views-tiebreaker,3LFDEeLm0ss
手寫的從前,https://www.youtube.com/watch?v=TMB6-YflpA4,周杰倫 Jay Chou【手寫的從前 Handwritten Past】Official MV,周杰倫 Jay Chou,295,68489888,177,official-channel;official-mv;quality-marker;song-length;views-tiebreaker,TMB6-YflpA4
手語,https://www.youtube.com/watch?v=ChXiROKng30,Jay Chou 周杰倫【手語 Sign Language】-Official Music Video,周杰倫 Jay Chou,296,6689796,177,official-channel;official-mv;quality-marker;song-length;views-tiebreaker,ChXiROKng30
扯,https://www.youtube.com/watch?v=f5hakuX3lCA,周杰倫 Jay Chou【扯 Pull Apart】-Official Music Video,周杰倫 Jay Chou,198,1577459,169,official-channel;official-mv;quality-marker;song-length;views-tiebreaker,f5hakuX3lCA
擱淺,https://www.youtube.com/watch?v=YJfHuATJYsQ,周杰倫 Jay Chou【擱淺 Step Aside】-Official Music Video,周杰倫 Jay Chou,269,81950660,177,official-channel;official-mv;quality-marker;song-length;views-tiebreaker,YJfHuATJYsQ
斷了的弦,https://www.youtube.com/watch?v=n_KlMpP0vdw,周杰倫 Jay Chou【斷了的弦 Broken Strings】Official MV,周杰倫 Jay Chou,295,9955595,177,official-channel;official-mv;quality-marker;song-length;views-tiebreaker,n_KlMpP0vdw
明明就,https://www.youtube.com/watch?v=UBySINroNkw,周杰倫 Jay Chou【明明就 Ming Ming Jiu】Official MV,周杰倫 Jay Chou,260,108573155,177,official-channel;official-mv;quality-marker;song-length;views-tiebreaker,UBySINroNkw
星晴,https://www.youtube.com/watch?v=sTNJsIcPSvE,周杰倫 Jay Chou【星晴 Starry Mood】-Official Music Video,周杰倫 Jay Chou,258,12836296,177,official-channel;official-mv;quality-marker;song-length;views-tiebreaker,sTNJsIcPSvE
時光機,https://www.youtube.com/watch?v=nCfrfCzaB2A,周杰倫 Jay Chou【時光機 Time Machine】-Official Music Video,周杰倫 Jay Chou,311,10144180,177,official-channel;official-mv;quality-marker;song-length;views-tiebreaker,nCfrfCzaB2A
晴天,https://www.youtube.com/watch?v=DYptgVvkVLQ,周杰倫 Jay Chou【晴天 Sunny Day】-Official Music Video,周杰倫 Jay Chou,319,95236110,177,official-channel;official-mv;quality-marker;song-length;views-tiebreaker,DYptgVvkVLQ
暗號,https://www.youtube.com/watch?v=CYT9DPJdtS4,周杰倫 Jay Chou【暗號 Secret Code】Official MV,周杰倫 Jay Chou,268,15927645,177,official-channel;official-mv;quality-marker;song-length;views-tiebreaker,CYT9DPJdtS4
最偉大的作品,https://www.youtube.com/watch?v=1emA1EFsPMM,周杰倫 Jay Chou【最偉大的作品 Greatest Works of Art】Official MV,周杰倫 Jay Chou,306,31631191,177,official-channel;official-mv;quality-marker;song-length;views-tiebreaker,1emA1EFsPMM
最後的戰役,https://www.youtube.com/watch?v=ZcShYmOhHM0,周杰倫 Jay Chou【最後的戰役 The Final Battle】Official MV,周杰倫 Jay Chou,344,5417175,177,official-channel;official-mv;quality-marker;song-length;views-tiebreaker,ZcShYmOhHM0
最長的電影,https://www.youtube.com/watch?v=2zxc27bvrO8,周杰倫 Jay Chou【最長的電影 The Longest Movie】-Official Music Video,周杰倫 Jay Chou,238,42332359,177,official-channel;official-mv;quality-marker;song-length;views-tiebreaker,2zxc27bvrO8
本草綱目,https://www.youtube.com/watch?v=8CD06hC1KGU,周杰倫 Jay Chou【本草綱目Chinese Herbal Manual】-Official Music Video,周杰倫 Jay Chou,228,14245321,177,official-channel;official-mv;quality-marker;song-length;views-tiebreaker,8CD06hC1KGU
東風破,https://www.youtube.com/watch?v=qct0JLjaHDc,周杰倫 Jay Chou【東風破 Dong-Feng-Po】-Official Music Video,周杰倫 Jay Chou,314,19555931,177,official-channel;official-mv;quality-marker;song-length;views-tiebreaker,qct0JLjaHDc
梯田,https://www.youtube.com/watch?v=u9J99gB5psc,周杰倫 Jay Chou【梯田 Terrace Field】-Official Music Video,周杰倫 Jay Chou,209,2011039,171,official-channel;official-mv;quality-marker;song-length;views-tiebreaker,u9J99gB5psc
楓,https://www.youtube.com/watch?v=qzwsQTY-99o,周杰倫 Jay Chou【楓Maple Leaf 】-Official Music Video,周杰倫 Jay Chou,286,83111300,177,official-channel;official-mv;quality-marker;song-length;views-tiebreaker,qzwsQTY-99o
止戰之殤,https://www.youtube.com/watch?v=qIZ5MAwbeCg,周杰倫 Jay Chou【止戰之殤 Wounds of War】-Official Music Video,周杰倫 Jay Chou,278,18969886,177,official-channel;official-mv;quality-marker;song-length;views-tiebreaker,qIZ5MAwbeCg
比較大的大提琴,https://www.youtube.com/watch?v=P_XikgjUOS0,周杰倫 Jay Chou【比較大的大提琴 A Larger Cello】Official MV,周杰倫 Jay Chou,273,4429758,177,official-channel;official-mv;quality-marker;song-length;views-tiebreaker,P_XikgjUOS0
水手怕水,https://www.youtube.com/watch?v=wUJ37I6au2w,周杰倫 Jay Chou【水手怕水 Sailor Afraid of Water】Official MV,周杰倫 Jay Chou,173,6083808,177,official-channel;official-mv;quality-marker;song-length;views-tiebreaker,wUJ37I6au2w
流浪詩人,https://www.youtube.com/watch?v=-ytYpXm3cv0,周杰倫 Jay Chou【流浪詩人 Drifting Poet】-Official Music Video,周杰倫 Jay Chou,172,1313367,168,official-channel;official-mv;quality-marker;song-length;views-tiebreaker,-ytYpXm3cv0
浪漫手機,https://www.youtube.com/watch?v=Kbvu9Vt5_eE,周杰倫 Jay Chou【浪漫手機 Romantic Cellphone】-Official Music Video,周杰倫 Jay Chou,280,8158833,177,official-channel;official-mv;quality-marker;song-length;views-tiebreaker,Kbvu9Vt5_eE
淘金小鎮,https://www.youtube.com/watch?v=SW3OQ0ijUCI,Jay Chou 周杰倫【Gold Rush Town 淘金小鎮】Official Music Video,周杰倫 Jay Chou,267,10094020,177,official-channel;official-mv;quality-marker;song-length;views-tiebreaker,SW3OQ0ijUCI
湘女多情,https://www.youtube.com/watch?v=V4icndlWcPo,Jay Chou 周杰倫 【湘女多情】The girl from Hunan Lyric Video,杰威爾歌詞MV頻道JVR Lyric MV,237,25107,121,label-lyric-channel;lyric-video;song-length;views-tiebreaker,V4icndlWcPo
火車叨位去,https://www.youtube.com/watch?v=K5qKpFLWaoA,周杰倫 Jay Chou【火車叨位去 The Train's Destination】Official MV,周杰倫 Jay Chou,278,2382079,172,official-channel;official-mv;quality-marker;song-length;views-tiebreaker,K5qKpFLWaoA
烏克麗麗,https://www.youtube.com/watch?v=-QqpEvN2Xd8,周杰倫 Jay Chou【烏克麗麗 Ukulele】Official MV,周杰倫 Jay Chou,179,10708974,177,official-channel;official-mv;quality-marker;song-length;views-tiebreaker,-QqpEvN2Xd8
無雙,https://www.youtube.com/watch?v=IYiIL2ZgOK4,周杰倫 Jay Chou【無雙 Incomparable】-Official Music Video,周杰倫 Jay Chou,234,2125172,171,official-channel;official-mv;quality-marker;song-length;views-tiebreaker,IYiIL2ZgOK4
煙花易冷,https://www.youtube.com/watch?v=COMHDRqAvYE,周杰倫 Jay Chou【煙花易冷 Fade Away】Official MV,周杰倫 Jay Chou,267,24662562,177,official-channel;official-mv;quality-marker;song-length;views-tiebreaker,COMHDRqAvYE
爸我回來了,https://www.youtube.com/watch?v=nhyT8HDT4lg,"周杰倫 Jay Chou【爸 我回來了 Dad, I'm home】Official MV",周杰倫 Jay Chou,230,3737020,176,official-channel;official-mv;quality-marker;song-length;views-tiebreaker,nhyT8HDT4lg
爺爺泡的茶,https://www.youtube.com/watch?v=LdPjnubLRN0,周杰倫 Jay Chou【爺爺泡的茶 Grandpa's Tea】Official MV,周杰倫 Jay Chou,243,9235750,177,official-channel;official-mv;quality-marker;song-length;views-tiebreaker,LdPjnubLRN0
牛仔很忙,https://www.youtube.com/watch?v=9o20U91aJdg,周杰倫 Jay Chou【牛仔很忙 Cowboy on the Run】-Official Music Video,周杰倫 Jay Chou,169,5820999,177,official-channel;official-mv;quality-marker;song-length;views-tiebreaker,9o20U91aJdg
牛仔很忙官方完整,https://www.youtube.com/watch?v=jLkTp5CR7UU,周杰倫【牛仔很忙 官方完整MV】Jay Chou  Cowboy On The Run  MV Niu Zi Hen Mang [4K],杰威爾歌詞MV頻道JVR Lyric MV,169,1181,107,label-lyric-channel;quality-marker;song-length;views-tiebreaker,jLkTp5CR7UU
珊瑚海,https://www.youtube.com/watch?v=kYhh1PpsOg4,周杰倫 Jay Chou【珊瑚海 Coral Sea (feat. 梁心頤 Lara)】-Official Music Video,周杰倫 Jay Chou,264,50797008,177,official-channel;official-mv;quality-marker;song-length;views-tiebreaker,kYhh1PpsOg4
琴傷,https://www.youtube.com/watch?v=yHoadRoVF-U,周杰倫 Jay Chou【琴傷 Piano of Sorrow】Official MV,周杰倫 Jay Chou,200,3473993,175,official-channel;official-mv;quality-marker;song-length;views-tiebreaker,yHoadRoVF-U
甜甜的,https://www.youtube.com/watch?v=mm8T-lBXQXA,周杰倫 Jay Chou【甜甜的 Sweet】-Official Music Video,周杰倫 Jay Chou,242,6545873,177,official-channel;official-mv;quality-marker;song-length;views-tiebreaker,mm8T-lBXQXA
療傷燒肉粽,https://www.youtube.com/watch?v=Aa5j0_61Xfo,周杰倫 Jay Chou【療傷燒肉粽 Healing Rice Dumpling】Official MV,周杰倫 Jay Chou,192,6158033,177,official-channel;official-mv;quality-marker;song-length;views-tiebreaker,Aa5j0_61Xfo
白色風車,https://www.youtube.com/watch?v=K9CbHZLXPIA,周杰倫 Jay Chou【白色風車 White Windmill】-Official Music Video,周杰倫 Jay Chou,292,20553311,177,official-channel;official-mv;quality-marker;song-length;views-tiebreaker,K9CbHZLXPIA
皮影戲,https://www.youtube.com/watch?v=qeW7xypeu6o,周杰倫 Jay Chou【皮影戲 Shadow Play】Official MV,周杰倫 Jay Chou,214,2598466,173,official-channel;official-mv;quality-marker;song-length;views-tiebreaker,qeW7xypeu6o
稻香,https://www.youtube.com/watch?v=sHD_z90ZKV0,周杰倫 Jay Chou【稻香 Rice Field】-Official Music Video,周杰倫 Jay Chou,224,71173072,177,official-channel;official-mv;quality-marker;song-length;views-tiebreaker,sHD_z90ZKV0
稻香搖滾版,https://www.youtube.com/watch?v=_8OdiGdWJec,周杰倫 JAY CHOU【稻香Remix搖滾版 Rice Field Rock Remix】Official MV,周杰倫 Jay Chou,145,661556,165,official-channel;official-mv;quality-marker;song-length;views-tiebreaker,_8OdiGdWJec
竊愛,https://www.youtube.com/watch?v=6ZeE3vgwQSI,周杰倫 Jay Chou【竊愛 Stolen Love】Official MV,周杰倫 Jay Chou,205,6597014,177,official-channel;official-mv;quality-marker;song-length;views-tiebreaker,6ZeE3vgwQSI
等你下課,https://www.youtube.com/watch?v=QQucPUfXUQQ,周杰倫Jay Chou(ジェイ・チョウ)【等你下課Waiting For You (with 楊瑞代 Gary)】(君を待っている) Official MV,周杰倫 Jay Chou,270,12216682,177,official-channel;official-mv;quality-marker;song-length;views-tiebreaker,QQucPUfXUQQ
算什麼男人,https://www.youtube.com/watch?v=v489sYYjtHI,周杰倫 Jay Chou【算什麼男人 What Kind of Man】Official MV (ft. 林依晨),周杰倫 Jay Chou,288,118608908,177,official-channel;official-mv;quality-marker;song-length;views-tiebreaker,v489sYYjtHI
簡單愛,https://www.youtube.com/watch?v=Y4xCVlyCvX4,周杰倫 Jay Chou【簡單愛 Simple Love】Official MV,周杰倫 Jay Chou,270,15958569,177,official-channel;official-mv;quality-marker;song-length;views-tiebreaker,Y4xCVlyCvX4
米蘭小鐵匠,https://www.youtube.com/watch?v=KmaqqnLGUG0,周杰倫 Jay Chou【米蘭小鐵匠 Little Blacksmith in Milan】Official MV,周杰倫 Jay Chou,241,3430317,175,official-channel;official-mv;quality-marker;song-length;views-tiebreaker,KmaqqnLGUG0
粉色海洋,https://www.youtube.com/watch?v=F_dGEjzRG_Y,周杰倫 Jay Chou【粉色海洋 Pink Ocean】Official MV,周杰倫 Jay Chou,182,12459360,177,official-channel;official-mv;quality-marker;song-length;views-tiebreaker,F_dGEjzRG_Y
紅塵客棧,https://www.youtube.com/watch?v=L6joGUdc6y4,周杰倫 Jay Chou【紅塵客棧 Hong-Chen Inn】Official MV,周杰倫 Jay Chou,276,44981794,177,official-channel;official-mv;quality-marker;song-length;views-tiebreaker,L6joGUdc6y4
紅模仿,https://www.youtube.com/watch?v=LL50Fu4UvG0,周杰倫 Jay Chou【紅模仿 Moulin Rouge】-Official Music Video,周杰倫 Jay Chou,185,6133702,177,official-channel;official-mv;quality-marker;song-length;views-tiebreaker,LL50Fu4UvG0
紅顏如霜,https://www.youtube.com/watch?v=APgx1k-2Tqc,周杰倫 JAY CHOU ft. JABBAWOCKEEZ【紅顏如霜 Cold Hearted】Official MV,周杰倫 Jay Chou,258,22722588,177,official-channel;official-mv;quality-marker;song-length;views-tiebreaker,APgx1k-2Tqc
給我一首歌的時間,https://www.youtube.com/watch?v=wt0RKW3aC84,周杰倫 Jay Chou【給我一首歌的時間 Give me the Time of One Song】-Official Music Video,周杰倫 Jay Chou,254,82450309,177,official-channel;official-mv;quality-marker;song-length;views-tiebreaker,wt0RKW3aC84
美人魚,https://www.youtube.com/watch?v=nHtW9w12uYc,周杰倫 Jay Chou【美人魚 Mermaid】Official MV,周杰倫 Jay Chou,215,7283173,177,official-channel;official-mv;quality-marker;song-length;views-tiebreaker,nHtW9w12uYc
聖誕星,https://www.youtube.com/watch?v=IXuhdnB2dAY,周杰倫 JAY CHOU (feat. 楊瑞代) 【聖誕星 Christmas Star】Official MV,周杰倫 Jay Chou,183,8826370,177,official-channel;official-mv;quality-marker;song-length;views-tiebreaker,IXuhdnB2dAY
聽媽媽的話,https://www.youtube.com/watch?v=_B8RaLCNUZw,周杰倫 Jay Chou【聽媽媽的話 Listen to Mom】-Official Music Video,周杰倫 Jay Chou,266,62094038,177,official-channel;official-mv;quality-marker;song-length;views-tiebreaker,_B8RaLCNUZw
聽爸爸的話,https://www.youtube.com/watch?v=eS2T9IiOYbc,周杰倫 Jay Chou【聽爸爸的話 Listen to Dad】Official MV,周杰倫 Jay Chou,273,41281636,177,official-channel;official-mv;quality-marker;song-length;views-tiebreaker,eS2T9IiOYbc
聽見下雨的聲音,https://www.youtube.com/watch?v=zqKoXPHhmsM,周杰倫 Jay Chou【聽見下雨的聲音 Rhythm of the Rain】Official MV,周杰倫 Jay Chou,284,105072922,177,official-channel;official-mv;quality-marker;song-length;views-tiebreaker,zqKoXPHhmsM
自導自演,https://www.youtube.com/watch?v=pbyWurQZ948,周杰倫 Jay Chou【自導自演 Self-directed Act】Official MV,周杰倫 Jay Chou,268,3211813,174,official-channel;official-mv;quality-marker;song-length;views-tiebreaker,pbyWurQZ948
花海,https://www.youtube.com/watch?v=q1ww6bDjfiI,周杰倫 Jay Chou【花海 Floral Sea】-Official Music Video,周杰倫 Jay Chou,264,16977070,177,official-channel;official-mv;quality-marker;song-length;views-tiebreaker,q1ww6bDjfiI
英雄,https://www.youtube.com/watch?v=oQqM30Oh-Pk,周杰倫 Jay Chou【英雄 Hero】Official MV,周杰倫 Jay Chou,199,438292,163,official-channel;official-mv;quality-marker;song-length;views-tiebreaker,oQqM30Oh-Pk
菊花台,https://www.youtube.com/watch?v=PdjbRvvJAzg,周杰倫 Jay Chou【菊花台 Chrysanthemum Terrace】-Official Music Video,周杰倫 Jay Chou,296,37625883,177,official-channel;official-mv;quality-marker;song-length;views-tiebreaker,PdjbRvvJAzg
蒲公英的約定,https://www.youtube.com/watch?v=VitJnr3IySc,周杰倫 Jay Chou【蒲公英的約定 A Dandelion's Promise】-Official Music Video,周杰倫 Jay Chou,248,34389206,177,official-channel;official-mv;quality-marker;song-length;views-tiebreaker,VitJnr3IySc
藉口,https://www.youtube.com/watch?v=KcK8WurGpEQ,周杰倫 Jay Chou【藉口 Excuse】-Official Music Video,周杰倫 Jay Chou,270,36645478,177,official-channel;official-mv;quality-marker;song-length;views-tiebreaker,KcK8WurGpEQ
藍色風暴,https://www.youtube.com/watch?v=P7ItYKdY0WU,周杰倫 Jay Chou【藍色風暴 Blue Storm】-Official Music Video,周杰倫 Jay Chou,289,2849306,173,official-channel;official-mv;quality-marker;song-length;views-tiebreaker,P7ItYKdY0WU
蘭亭序,https://www.youtube.com/watch?v=s5Xl5MXboas,周杰倫 Jay Chou【蘭亭序 Lan-Ting-Xu】-Official Music Video,周杰倫 Jay Chou,266,25438486,177,official-channel;official-mv;quality-marker;song-length;views-tiebreaker,s5Xl5MXboas
蛇舞,https://www.youtube.com/watch?v=aO9SU-w8hnM,周杰倫 Jay Chou【蛇舞 Snake Dance】-Official Music Video,周杰倫 Jay Chou,175,2564566,173,official-channel;official-mv;quality-marker;song-length;views-tiebreaker,aO9SU-w8hnM
蝸牛,https://www.youtube.com/watch?v=H7pOrQEnc3c,周杰倫 Jay Chou【蝸牛 Snail】Official MV,周杰倫 Jay Chou,240,3006494,174,official-channel;official-mv;quality-marker;song-length;views-tiebreaker,H7pOrQEnc3c
西西里,https://www.youtube.com/watch?v=2VGwf6rGy6E,Jay Chou 周杰倫 【 西西里】Sicily Lyric Video,杰威爾歌詞MV頻道JVR Lyric MV,228,53681,122,label-lyric-channel;lyric-video;song-length;views-tiebreaker,2VGwf6rGy6E
說了再見,https://www.youtube.com/watch?v=KKsioz-zaZY,周杰倫 Jay Chou【說了再見 Say Goodbye】Official MV,周杰倫 Jay Chou,288,70484908,177,official-channel;official-mv;quality-marker;song-length;views-tiebreaker,KKsioz-zaZY
說好不哭,https://www.youtube.com/watch?v=HK7SPnGSxLM,周杰倫 Jay Chou【說好不哭 Won't Cry】with 五月天阿信 (Mayday Ashin) Official MV,周杰倫 Jay Chou,232,90100891,177,official-channel;official-mv;quality-marker;song-length;views-tiebreaker,HK7SPnGSxLM
說好的幸福呢,https://www.youtube.com/watch?v=mLFhTFiX0uM,周杰倫 Jay Chou【說好的幸福呢 The Promised Love】-Official Music Video,周杰倫 Jay Chou,257,78466803,177,official-channel;official-mv;quality-marker;song-length;views-tiebreaker,mLFhTFiX0uM
說走就走,https://www.youtube.com/watch?v=NH43WjeoVgs,周杰倫 Jay Chou【 說走就走 Let's Go】Official MV,周杰倫 Jay Chou,265,9817917,177,official-channel;official-mv;quality-marker;song-length;views-tiebreaker,NH43WjeoVgs
誰稀罕,https://www.youtube.com/watch?v=a7ziV-RjqBo,Jay Chou 周杰倫【Who Cares 誰稀罕】Official Music Video,周杰倫 Jay Chou,263,4486658,177,official-channel;official-mv;quality-marker;song-length;views-tiebreaker,a7ziV-RjqBo
超人不會飛,https://www.youtube.com/watch?v=4j0Fgmsxr-o,周杰倫 Jay Chou【超人不會飛 Superman Can't Fly】Official MV,周杰倫 Jay Chou,303,16632246,177,official-channel;official-mv;quality-marker;song-length;views-tiebreaker,4j0Fgmsxr-o
超跑女神,https://www.youtube.com/watch?v=CllkiAZajJI,周杰倫 Jay Chou【超跑女神 Sports Car Model】Official MV,周杰倫 Jay Chou,153,5947059,177,official-channel;official-mv;quality-marker;song-length;views-tiebreaker,CllkiAZajJI
跨時代,https://www.youtube.com/watch?v=-WkecBaA4z8,周杰倫 Jay Chou【跨時代 The Era】Official MV,周杰倫 Jay Chou,218,3194474,174,official-channel;official-mv;quality-marker;song-length;views-tiebreaker,-WkecBaA4z8
軌跡,https://www.youtube.com/watch?v=SdBwt6pyNwE,周杰倫 Jay Chou【 軌跡 Tracks】Official MV,周杰倫 Jay Chou,326,25303310,177,official-channel;official-mv;quality-marker;song-length;views-tiebreaker,SdBwt6pyNwE
迷迭香,https://www.youtube.com/watch?v=K0Myfz5phlY,周杰倫 Jay Chou【迷迭香 Rosemary】-Official Music Video,周杰倫 Jay Chou,261,6282491,177,official-channel;official-mv;quality-marker;song-length;views-tiebreaker,K0Myfz5phlY
迷魂曲,https://www.youtube.com/watch?v=rFxBQWh7ZOQ,周杰倫 Jay Chou【迷魂曲 Enchanting Melody】Official MV,周杰倫 Jay Chou,228,2254010,172,official-channel;official-mv;quality-marker;song-length;views-tiebreaker,rFxBQWh7ZOQ
退後,https://www.youtube.com/watch?v=0-4mm0e2h44,周杰倫 Jay Chou【退後 A Step Back】-Official Music Video,周杰倫 Jay Chou,303,28183649,177,official-channel;official-mv;quality-marker;song-length;views-tiebreaker,0-4mm0e2h44
逆鱗,https://www.youtube.com/watch?v=jD0c4QY7L8s,周杰倫 Jay Chou【逆鱗 Against】-Official Music Video,周杰倫 Jay Chou,252,2488278,172,official-channel;official-mv;quality-marker;song-length;views-tiebreaker,jD0c4QY7L8s
還在流浪,https://www.youtube.com/watch?v=BSlMAJ7SkMA,周杰倫 Jay Chou【還在流浪 Still Wandering】Official MV,周杰倫 Jay Chou,265,23256794,177,official-channel;official-mv;quality-marker;song-length;views-tiebreaker,BSlMAJ7SkMA
那天下雨了,https://www.youtube.com/watch?v=lkxWU9dURuc,Jay Chou 周杰倫 【那天下雨了】The day it rained Lyric Video,杰威爾歌詞MV頻道JVR Lyric MV,220,244558,124,label-lyric-channel;lyric-video;song-length;views-tiebreaker,lkxWU9dURuc
鄉間的路,https://www.youtube.com/watch?v=XAhKFiPqGRQ,Jay Chou 周杰倫【Country Road 鄉間的路】Official Music Video,周杰倫 Jay Chou,213,3719371,176,official-channel;official-mv;quality-marker;song-length;views-tiebreaker,XAhKFiPqGRQ
錯過的煙火,https://www.youtube.com/watch?v=9tN1xixvYOc,周杰倫 Jay Chou【錯過的煙火 You Are The Firework I Missed】Official MV,周杰倫 Jay Chou,255,13662567,177,official-channel;official-mv;quality-marker;song-length;views-tiebreaker,9tN1xixvYOc
開不了口,https://www.youtube.com/watch?v=H7hpK6cm-6k,周杰倫 Jay Chou【開不了口 I Find It Hard To Say】Official MV,周杰倫 Jay Chou,293,37308107,177,official-channel;official-mv;quality-marker;song-length;views-tiebreaker,H7hpK6cm-6k
陽光宅男,https://www.youtube.com/watch?v=qQ7g1tfEGFc,周杰倫 Jay Chou【陽光宅男 Sunshine Nerd】-Official Music Video,周杰倫 Jay Chou,222,17581571,177,official-channel;official-mv;quality-marker;song-length;views-tiebreaker,qQ7g1tfEGFc
陽明山,https://www.youtube.com/watch?v=BZlFlBnwfOQ,周杰倫 Jay Chou【陽明山 Yang-Ming Mountain】Official MV (ft. Henry Link),周杰倫 Jay Chou,155,6073623,177,official-channel;official-mv;quality-marker;song-length;views-tiebreaker,BZlFlBnwfOQ
雙刀,https://www.youtube.com/watch?v=T4qPsRLjGCY,周杰倫 Jay Chou 【雙刀 Double Blade】-Official Music Video,周杰倫 Jay Chou,372,1412776,168,official-channel;official-mv;quality-marker;song-length;views-tiebreaker,T4qPsRLjGCY
雙截棍,https://www.youtube.com/watch?v=OR-0wptI_u0,周杰倫 Jay Chou【雙截棍 Nunchucks】Official MV,周杰倫 Jay Chou,205,8404056,177,official-channel;official-mv;quality-marker;song-length;views-tiebreaker,OR-0wptI_u0
雨下一整晚,https://www.youtube.com/watch?v=jOxzAsnx9-0,周杰倫 Jay Chou【雨下一整晚 Rain All Night】Official MV,周杰倫 Jay Chou,268,6462678,177,official-channel;official-mv;quality-marker;song-length;views-tiebreaker,jOxzAsnx9-0
霍元甲,https://www.youtube.com/watch?v=wr-6wwt8RXk,周杰倫 Jay Chou【霍元甲 Fearless】-Official Music Video,周杰倫 Jay Chou,278,35100535,177,official-channel;official-mv;quality-marker;song-length;views-tiebreaker,wr-6wwt8RXk
青花瓷,https://www.youtube.com/watch?v=Z8Mqw0b9ADs,周杰倫 Jay Chou【青花瓷 Blue and White Porcelain】-Official Music Video,周杰倫 Jay Chou,244,73852161,177,official-channel;official-mv;quality-marker;song-length;views-tiebreaker,Z8Mqw0b9ADs
鞋子特大號,https://www.youtube.com/watch?v=syYc5dydzmE,周杰倫 Jay Chou【鞋子特大號 Extra Large Shoes】Official MV,周杰倫 Jay Chou,223,12046921,177,official-channel;official-mv;quality-marker;song-length;views-tiebreaker,syYc5dydzmE
飄移,https://www.youtube.com/watch?v=X2njc8is50o,周杰倫 Jay Chou【飄移 Drift】(頭文字Dの実写版)-Official Music Video,周杰倫 Jay Chou,231,12716522,177,official-channel;official-mv;quality-marker;song-length;views-tiebreaker,X2njc8is50o
驚嘆號,https://www.youtube.com/watch?v=JNS-KT_iwmg,周杰倫 Jay Chou【驚嘆號 Exclamation Point】Official MV,周杰倫 Jay Chou,239,4271430,177,official-channel;official-mv;quality-marker;song-length;views-tiebreaker,JNS-KT_iwmg
髮如雪,https://www.youtube.com/watch?v=aaM7qG2ycjk,周杰倫 Jay Chou【髮如雪 Hair White as Snow】-Official Music Video,周杰倫 Jay Chou,302,63635999,177,official-channel;official-mv;quality-marker;song-length;views-tiebreaker,aaM7qG2ycjk
鬥牛,https://www.youtube.com/watch?v=npiAxeLtHDM,周杰倫 Jay Chou【鬥牛 Basketball Match】-Official Music Video,周杰倫 Jay Chou,290,2740198,173,official-channel;official-mv;quality-marker;song-length;views-tiebreaker,npiAxeLtHDM
魔術先生,https://www.youtube.com/watch?v=UXwHuKmuhW8,周杰倫 Jay Chou【魔術先生Magician】-Official Music Video,周杰倫 Jay Chou,184,2009441,171,official-channel;official-mv;quality-marker;song-length;views-tiebreaker,UXwHuKmuhW8
麥烝瑋,https://www.youtube.com/watch?v=mamQvkO6lyU,Jay Chou 周杰倫【麥烝瑋 Mai】-Official Music Video,周杰倫 Jay Chou,255,426649,163,official-channel;official-mv;quality-marker;song-length;views-tiebreaker,mamQvkO6lyU
麥芽糖,https://www.youtube.com/watch?v=Hq47d-ouX_Y,周杰倫 Jay Chou【麥芽糖 Malt Candy】-Official Music Video,周杰倫 Jay Chou,261,2671565,173,official-channel;official-mv;quality-marker;song-length;views-tiebreaker,Hq47d-ouX_Y
黃金甲,https://www.youtube.com/watch?v=DuErkkiCaZU,周杰倫 Jay Chou【黃金甲 Golden Armor】-Official Music Video,周杰倫 Jay Chou,220,4323020,177,official-channel;official-mv;quality-marker;song-length;views-tiebreaker,DuErkkiCaZU
黑色幽默,https://www.youtube.com/watch?v=wRT-5heURhY,周杰倫 Jay Chou【黑色幽默 Dark Humor】-Official Music Video,周杰倫 Jay Chou,285,12726609,177,official-channel;official-mv;quality-marker;song-length;views-tiebreaker,wRT-5heURhY
黑色毛衣,https://www.youtube.com/watch?v=bX33UI9ZPLk,周杰倫 Jay Chou【黑色毛衣 Black Sweater】-Official Music Video,周杰倫 Jay Chou,254,21951148,177,official-channel;official-mv;quality-marker;song-length;views-tiebreaker,bX33UI9ZPLk
龍戰騎士,https://www.youtube.com/watch?v=6VRioN8euIs,周杰倫 Jay Chou【龍戰騎士 Dragon Rider】-Official Music Video,周杰倫 Jay Chou,322,3490219,175,official-channel;official-mv;quality-marker;song-length;views-tiebreaker,6VRioN8euIs
龍拳,https://www.youtube.com/watch?v=_byK6M95hTc,周杰倫 Jay Chou【龍拳 Dragon Fist】Official MV,周杰倫 Jay Chou,279,3417048,175,official-channel;official-mv;quality-marker;song-length;views-tiebreaker,_byK6M95hTc
龍捲風,https://www.youtube.com/watch?v=RPWDeLqsN0g,周杰倫 Jay Chou【龍捲風 Tornado】-Official Music Video,周杰倫 Jay Chou,255,25572313,177,official-channel;official-mv;quality-marker;song-length;views-tiebreaker,RPWDeLqsN0g
