video_id,url,title,channel,channel_id,duration,upload_date,availability,live_status,view_count,matched_queries,discovered_at
wIgduzASI6A,https://www.youtube.com/watch?v=wIgduzASI6A,Jay Chou 周杰倫【I Do】Official Music Video,周杰倫 Jay Chou,UC8CU5nVhCQIdAGrFFp4loOQ,217,,,,10711020,Jay Chou Official MV | 周杰伦 4K MV | 周杰伦 JVR Music | 周杰伦 Official Music Video | 周杰伦 lyric video | 周杰伦 专辑 | 周杰伦 完整版 | 周杰伦 官方 MV | 周杰伦 杰威尔音乐 | 周杰伦 歌曲 | 周杰伦 歌词版 | 周杰伦 演唱会 | 周杰伦 现场 Live,2026-07-29T02:46:39.316916+00:00
me7jfhFIZvk,https://www.youtube.com/watch?v=me7jfhFIZvk,周杰倫 Jay Chou【Mine Mine】Official MV,周杰倫 Jay Chou,UC8CU5nVhCQIdAGrFFp4loOQ,267,,,,25035139,Jay Chou Official MV | 周杰伦 JVR Music | 周杰伦 Official Music Video | 周杰伦 lyric video | 周杰伦 完整版 | 周杰伦 官方 MV | 周杰伦 杰威尔音乐 | 周杰伦 歌词版 | 周杰伦 现场 Live | 周杰伦 高音质,2026-07-29T02:46:39.316916+00:00
-biOGdYiF-I,https://www.youtube.com/watch?v=-biOGdYiF-I,"周杰倫 Jay Chou【Mojito】Official MV ★ Check out ""J-Style Trip"" on Netflix -Travelogue, Magic and Fun!",周杰倫 Jay Chou,UC8CU5nVhCQIdAGrFFp4loOQ,189,,,,45085594,Jay Chou Official MV | 周杰伦 JVR Music | 周杰伦 Official Music Video | 周杰伦 lyric video | 周杰伦 专辑 | 周杰伦 完整版 | 周杰伦 官方 MV | 周杰伦 杰威尔音乐 | 周杰伦 歌曲 | 周杰伦 歌词版 | 周杰伦 高音质,2026-07-29T02:46:39.316916+00:00
LbUKhXO2oCs,https://www.youtube.com/watch?v=LbUKhXO2oCs,周杰倫 Jay Chou 【Now You See Me】Official MV (120s),周杰倫 Jay Chou,UC8CU5nVhCQIdAGrFFp4loOQ,125,,,,7634427,Jay Chou Official MV | 周杰伦 Official Music Video | 周杰伦 完整版 | 周杰伦 官方 MV | 周杰伦 歌词版,2026-07-29T02:46:39.316916+00:00
s__iJysWkCY,https://www.youtube.com/watch?v=s__iJysWkCY,Patrick Brasca & Jay Chou【Six Degrees】,周杰倫 Jay Chou,UC8CU5nVhCQIdAGrFFp4loOQ,201,,,,8900619,Jay Chou Official MV | 周杰伦 JVR Music | 周杰伦 Official Music Video | 周杰伦 lyric video | 周杰伦 官方 MV | 周杰伦 杰威尔音乐 | 周杰伦 歌曲 | 周杰伦 歌词版 | 周杰伦 现场 Live | 周杰伦 高音质,2026-07-29T02:46:39.316916+00:00
C18nyaRnR1Q,https://www.youtube.com/watch?v=C18nyaRnR1Q,周杰倫 Jay Chou【一口氣全唸對 One Breath】Official MV,周杰倫 Jay Chou,UC8CU5nVhCQIdAGrFFp4loOQ,163,,,,7733969,Jay Chou Official MV | 周杰伦 Official Music Video | 周杰伦 lyric video | 周杰伦 完整版 | 周杰伦 官方 MV | 周杰伦 杰威尔音乐 | 周杰伦 歌词版,2026-07-29T02:46:39.316916+00:00
L229QDxDakU,https://www.youtube.com/watch?v=L229QDxDakU,周杰倫 Jay Chou【一路向北 All the Way North】-Official Music Video,周杰倫 Jay Chou,UC8CU5nVhCQIdAGrFFp4loOQ,302,,,,105883360,Jay Chou Official MV | 周杰伦 JVR Music | 周杰伦 Official Music Video | 周杰伦 lyric video | 周杰伦 完整版 | 周杰伦 官方 MV | 周杰伦 杰威尔音乐 | 周杰伦 歌曲 | 周杰伦 歌词版 | 周杰伦 演唱会 | 周杰伦 现场 Live | 周杰伦 高音质,2026-07-29T02:46:39.316916+00:00
COhiu3c7Sgc,https://www.youtube.com/watch?v=COhiu3c7Sgc,周杰倫 Jay Chou【一點點 A Little Bit】Official MV,周杰倫 Jay Chou,UC8CU5nVhCQIdAGrFFp4loOQ,220,,,,10763623,Jay Chou Official MV | 周杰伦 JVR Music | 周杰伦 Official Music Video | 周杰伦 lyric video | 周杰伦 完整版 | 周杰伦 官方 MV | 周杰伦 杰威尔音乐,2026-07-29T02:46:39.316916+00:00
PJyFND4-zR4,https://www.youtube.com/watch?v=PJyFND4-zR4,Jay Chou 周杰倫【Aurora in July 七月的極光】Official Music Video,周杰倫 Jay Chou,UC8CU5nVhCQIdAGrFFp4loOQ,190,,,,3714069,Jay Chou Official MV | 周杰伦 JVR Music | 周杰伦 Official Music Video | 周杰伦 专辑 | 周杰伦 官方 MV | 周杰伦 杰威尔音乐 | 周杰伦 歌曲 | 周杰伦 歌词版,2026-07-29T02:46:39.316916+00:00
Bbp9ZaJD_eA,https://www.youtube.com/watch?v=Bbp9ZaJD_eA,周杰倫 Jay Chou【七里香 Orange Jasmine】-Official Music Video,周杰倫 Jay Chou,UC8CU5nVhCQIdAGrFFp4loOQ,304,,,,80942466,Jay Chou Official MV | 周杰伦 1080P MV | 周杰伦 4K MV | 周杰伦 JVR Music | 周杰伦 Official Music Video | 周杰伦 lyric video | 周杰伦 专辑 | 周杰伦 完整版 | 周杰伦 官方 MV | 周杰伦 杰威尔音乐 | 周杰伦 歌曲 | 周杰伦 歌词版 | 周杰伦 演唱会 | 周杰伦 现场 Live,2026-07-29T02:46:39.316916+00:00
_trE3M24kQY,https://www.youtube.com/watch?v=_trE3M24kQY,周杰倫 Jay Chou【三年二班 Class 3-2】-Official Music Video,周杰倫 Jay Chou,UC8CU5nVhCQIdAGrFFp4loOQ,460,,,,7938089,Jay Chou Official MV | 周杰伦 JVR Music | 周杰伦 Official Music Video | 周杰伦 lyric video | 周杰伦 完整版 | 周杰伦 官方 MV | 周杰伦 歌曲 | 周杰伦 歌词版 | 周杰伦 现场 Live,2026-07-29T02:46:39.316916+00:00
CcfnZOJpbM4,https://www.youtube.com/watch?v=CcfnZOJpbM4,周杰倫 Jay Chou【上海 一九四三 Shanghai 1943】Official MV,周杰倫 Jay Chou,UC8CU5nVhCQIdAGrFFp4loOQ,210,,,,8140397,Jay Chou Official MV | 周杰伦 JVR Music | 周杰伦 Official Music Video | 周杰伦 lyric video | 周杰伦 完整版 | 周杰伦 官方 MV | 周杰伦 歌曲 | 周杰伦 歌词版,2026-07-29T02:46:39.316916+00:00
MAjY8mCTXWk,https://www.youtube.com/watch?v=MAjY8mCTXWk,"周杰倫 Jay Chou【不愛我就拉倒 If You Don't Love Me, It's Fine】Official MV 發燒影片華語地區蟬聯第一 美國直衝前二",周杰倫 Jay Chou,UC8CU5nVhCQIdAGrFFp4loOQ,251,,,,54121384,Jay Chou Official MV | 周杰伦 JVR Music | 周杰伦 Official Music Video | 周杰伦 lyric video | 周杰伦 专辑 | 周杰伦 官方 MV | 周杰伦 歌曲,2026-07-29T02:46:39.316916+00:00
uIWypArI73w,https://www.youtube.com/watch?v=uIWypArI73w,周杰倫 Jay Chou【不能說的祕密 Secret】-Official Music Video,周杰倫 Jay Chou,UC8CU5nVhCQIdAGrFFp4loOQ,336,,,,50035392,Jay Chou Official MV | 周杰伦 Official Music Video | 周杰伦 lyric video | 周杰伦 完整版 | 周杰伦 杰威尔音乐 | 周杰伦 歌曲 | 周杰伦 歌词版 | 周杰伦 演唱会,2026-07-29T02:46:39.316916+00:00
_VxLOj3TB5k,https://www.youtube.com/watch?v=_VxLOj3TB5k,周杰倫Jay Chou X aMEI【不該 Shouldn't Be】Official MV,周杰倫 Jay Chou,UC8CU5nVhCQIdAGrFFp4loOQ,294,,,,186213162,Jay Chou Official MV | 周杰伦 JVR Music | 周杰伦 Official Music Video | 周杰伦 lyric video | 周杰伦 专辑 | 周杰伦 官方 MV | 周杰伦 杰威尔音乐 | 周杰伦 歌曲 | 周杰伦 歌词版 | 周杰伦 演唱会 | 周杰伦 现场 Live,2026-07-29T02:46:39.316916+00:00
NDFULbHgL6E,https://www.youtube.com/watch?v=NDFULbHgL6E,周杰倫 Jay Chou【世界末日 End of the World】Official MV,周杰倫 Jay Chou,UC8CU5nVhCQIdAGrFFp4loOQ,263,,,,7388218,Jay Chou Official MV | 周杰伦 JVR Music | 周杰伦 Official Music Video | 周杰伦 lyric video | 周杰伦 完整版 | 周杰伦 杰威尔音乐 | 周杰伦 歌曲 | 周杰伦 歌词版 | 周杰伦 演唱会 | 周杰伦 现场 Live,2026-07-29T02:46:39.316916+00:00
2Tg3uzSAkXk,https://www.youtube.com/watch?v=2Tg3uzSAkXk,周杰倫 Jay Chou【亂舞春秋 Chaotic Dance】-Official Music Video,周杰倫 Jay Chou,UC8CU5nVhCQIdAGrFFp4loOQ,288,,,,3349541,Jay Chou Official MV | 周杰伦 JVR Music | 周杰伦 Official Music Video | 周杰伦 lyric video | 周杰伦 官方 MV | 周杰伦 歌曲 | 周杰伦 歌词版,2026-07-29T02:46:39.316916+00:00
9q7JOQfcJQM,https://www.youtube.com/watch?v=9q7JOQfcJQM,周杰倫 Jay Chou【以父之名 In The Name of The Father】-Official Music Video,周杰倫 Jay Chou,UC8CU5nVhCQIdAGrFFp4loOQ,364,,,,21160479,Jay Chou Official MV | 周杰伦 JVR Music | 周杰伦 Official Music Video | 周杰伦 lyric video | 周杰伦 专辑 | 周杰伦 完整版 | 周杰伦 官方 MV | 周杰伦 杰威尔音乐 | 周杰伦 歌曲 | 周杰伦 歌词版 | 周杰伦 现场 Live | 周杰伦 高音质,2026-07-29T02:46:39.316916+00:00
s9wvjSkR_Ms,https://www.youtube.com/watch?v=s9wvjSkR_Ms,周杰倫Jay Chou【伊斯坦堡 Istanbul】-Official Music Video,周杰倫 Jay Chou,UC8CU5nVhCQIdAGrFFp4loOQ,208,,,,2736980,Jay Chou Official MV | 周杰伦 JVR Music | 周杰伦 Official Music Video | 周杰伦 lyric video | 周杰伦 完整版 | 周杰伦 官方 MV | 周杰伦 杰威尔音乐 | 周杰伦 歌曲 | 周杰伦 现场 Live,2026-07-29T02:46:39.316916+00:00
Wrbjahfg8RM,https://www.youtube.com/watch?v=Wrbjahfg8RM,周杰倫 Jay Chou【你好嗎 How Are You】Official MV,周杰倫 Jay Chou,UC8CU5nVhCQIdAGrFFp4loOQ,222,,,,15984784,Jay Chou Official MV | 周杰伦 JVR Music | 周杰伦 Official Music Video,2026-07-29T02:46:39.316916+00:00
X_XqvQJi_6E,https://www.youtube.com/watch?v=X_XqvQJi_6E,周杰倫 Jay Chou【你比從前快樂 You Are Happier Than Before】Official MV,周杰倫 Jay Chou,UC8CU5nVhCQIdAGrFFp4loOQ,201,,,,3151110,周杰伦 4K MV | 周杰伦 完整版 | 周杰伦 官方 MV | 周杰伦 歌词版 | 周杰伦 现场 Live,2026-07-29T02:46:39.316916+00:00
a0AyNzV3yk8,https://www.youtube.com/watch?v=a0AyNzV3yk8,周杰倫 JAY CHOU【倒影 Reflection】Official MV,周杰倫 Jay Chou,UC8CU5nVhCQIdAGrFFp4loOQ,234,,,,9118810,Jay Chou Official MV | 周杰伦 JVR Music | 周杰伦 Official Music Video | 周杰伦 lyric video | 周杰伦 专辑 | 周杰伦 杰威尔音乐 | 周杰伦 歌曲 | 周杰伦 高音质,2026-07-29T02:46:39.316916+00:00
rKFtivD7Rvw,https://www.youtube.com/watch?v=rKFtivD7Rvw,周杰倫 Jay Chou【傻笑 Smile (feat. 袁詠琳 Cindy)】Official MV,周杰倫 Jay Chou,UC8CU5nVhCQIdAGrFFp4loOQ,289,,,,29135560,Jay Chou Official MV | 周杰伦 1080P MV | 周杰伦 JVR Music | 周杰伦 Official Music Video | 周杰伦 lyric video | 周杰伦 完整版 | 周杰伦 官方 MV | 周杰伦 杰威尔音乐 | 周杰伦 歌曲 | 周杰伦 现场 Live,2026-07-29T02:46:39.316916+00:00
lqVvHAFPIrw,https://www.youtube.com/watch?v=lqVvHAFPIrw,周杰倫 Jay Chou【免費教學錄影帶 Free Tutorial Video】Official MV,周杰倫 Jay Chou,UC8CU5nVhCQIdAGrFFp4loOQ,262,,,,1073545,Jay Chou Official MV | 周杰伦 Official Music Video | 周杰伦 官方 MV | 周杰伦 歌曲,2026-07-29T02:46:39.316916+00:00
S-p4gXbIifo,https://www.youtube.com/watch?v=S-p4gXbIifo,周杰倫 Jay Chou【公主病 Princess Syndrome】Official MV,周杰倫 Jay Chou,UC8CU5nVhCQIdAGrFFp4loOQ,216,,,,16887827,Jay Chou Official MV | 周杰伦 4K MV | 周杰伦 JVR Music | 周杰伦 Official Music Video | 周杰伦 官方 MV | 周杰伦 歌曲,2026-07-29T02:46:39.316916+00:00
FbqBv7Tz1QY,https://www.youtube.com/watch?v=FbqBv7Tz1QY,周杰倫 Jay Chou【公公偏頭痛 Eunuch with a Headache】Official MV,周杰倫 Jay Chou,UC8CU5nVhCQIdAGrFFp4loOQ,186,,,,24974206,Jay Chou Official MV | 周杰伦 4K MV | 周杰伦 JVR Music | 周杰伦 lyric video | 周杰伦 官方 MV | 周杰伦 歌曲 | 周杰伦 歌词版 | 周杰伦 现场 Live | 周杰伦 高音质,2026-07-29T02:46:39.316916+00:00
eM6mF4RWhe0,https://www.youtube.com/watch?v=eM6mF4RWhe0,周杰倫 Jay Chou【分裂 Split】Official MV,周杰倫 Jay Chou,UC8CU5nVhCQIdAGrFFp4loOQ,269,,,,7992478,Jay Chou Official MV | 周杰伦 JVR Music | 周杰伦 Official Music Video | 周杰伦 lyric video | 周杰伦 完整版 | 周杰伦 官方 MV | 周杰伦 杰威尔音乐 | 周杰伦 歌曲 | 周杰伦 歌词版,2026-07-29T02:46:39.316916+00:00
j9k3liT2MLo,https://www.youtube.com/watch?v=j9k3liT2MLo,周杰倫 Jay Chou【前世情人 Lover From Previous Life】Official MV,周杰倫 Jay Chou,UC8CU5nVhCQIdAGrFFp4loOQ,208,,,,10709134,Jay Chou Official MV | 周杰伦 JVR Music | 周杰伦 Official Music Video | 周杰伦 lyric video | 周杰伦 完整版 | 周杰伦 官方 MV | 周杰伦 杰威尔音乐 | 周杰伦 歌曲 | 周杰伦 歌词版,2026-07-29T02:46:39.316916+00:00
ocDo3ySyHSI,https://www.youtube.com/watch?v=ocDo3ySyHSI,周杰倫 Jay Chou【千里之外 Far Away (feat.費玉清 Fei Yu-ching)】-Official Music Video,周杰倫 Jay Chou,UC8CU5nVhCQIdAGrFFp4loOQ,272,,,,46895646,Jay Chou Official MV | 周杰伦 1080P MV | 周杰伦 4K MV | 周杰伦 JVR Music | 周杰伦 Official Music Video | 周杰伦 Sony Music Taiwan | 周杰伦 专辑 | 周杰伦 完整版 | 周杰伦 官方 MV | 周杰伦 杰威尔音乐 | 周杰伦 歌曲 | 周杰伦 歌词版 | 周杰伦 演唱会 | 周杰伦 高音质,2026-07-29T02:46:39.316916+00:00
duZDsG3tvoA,https://www.youtube.com/watch?v=duZDsG3tvoA,周杰倫 Jay Chou【半島鐵盒 Peninsula Ironbox】Official MV,周杰倫 Jay Chou,UC8CU5nVhCQIdAGrFFp4loOQ,320,,,,26571654,Jay Chou Official MV | 周杰伦 JVR Music | 周杰伦 Official Music Video | 周杰伦 lyric video | 周杰伦 官方 MV | 周杰伦 杰威尔音乐 | 周杰伦 歌曲 | 周杰伦 歌词版 | 周杰伦 高音质,2026-07-29T02:46:39.316916+00:00
3I27c6t-0No,https://www.youtube.com/watch?v=3I27c6t-0No,周杰倫 Jay Chou【半獸人 Half-beast Human】Official MV,周杰倫 Jay Chou,UC8CU5nVhCQIdAGrFFp4loOQ,248,,,,5363334,Jay Chou Official MV | 周杰伦 JVR Music | 周杰伦 Official Music Video | 周杰伦 lyric video | 周杰伦 完整版 | 周杰伦 官方 MV | 周杰伦 歌曲 | 周杰伦 歌词版,2026-07-29T02:46:39.316916+00:00
hnmWCmR6o7A,https://www.youtube.com/watch?v=hnmWCmR6o7A,周杰倫 Jay Chou【印地安老斑鳩 Ancient Indian Turtledove】-Official Music Video,周杰倫 Jay Chou,UC8CU5nVhCQIdAGrFFp4loOQ,306,,,,2735592,Jay Chou Official MV | 周杰伦 Official Music Video | 周杰伦 lyric video | 周杰伦 完整版 | 周杰伦 官方 MV | 周杰伦 歌词版,2026-07-29T02:46:39.316916+00:00
yjYkxdXd7EA,https://www.youtube.com/watch?v=yjYkxdXd7EA,周杰倫 JAY CHOU【即興曲 Improvisation】Official MV,周杰倫 Jay Chou,UC8CU5nVhCQIdAGrFFp4loOQ,100,,,,604440,Jay Chou Official MV | 周杰伦 Official Music Video | 周杰伦 歌曲 | 周杰伦 现场 Live | 周杰伦 高音质,2026-07-29T02:46:39.316916+00:00
fuM1aVCGR8c,https://www.youtube.com/watch?v=fuM1aVCGR8c,Jay Chou 周杰倫【反方向的鐘 Counter-clockwise Clock】-Official Music Video,周杰倫 Jay Chou,UC8CU5nVhCQIdAGrFFp4loOQ,263,,,,9063324,Jay Chou Official MV | 周杰伦 JVR Music | 周杰伦 Official Music Video | 周杰伦 lyric video | 周杰伦 专辑 | 周杰伦 官方 MV | 周杰伦 杰威尔音乐 | 周杰伦 歌曲 | 周杰伦 歌词版 | 周杰伦 现场 Live | 周杰伦 高音质,2026-07-29T02:46:39.316916+00:00
87VUC4J_0Ps,https://www.youtube.com/watch?v=87VUC4J_0Ps,周杰倫 Jay Chou【可愛女人 Cute Girl (feat.徐若瑄Vivian)】 -Official Music Video,周杰倫 Jay Chou,UC8CU5nVhCQIdAGrFFp4loOQ,239,,,,19884539,Jay Chou Official MV | 周杰伦 JVR Music | 周杰伦 Official Music Video | 周杰伦 lyric video | 周杰伦 专辑 | 周杰伦 完整版 | 周杰伦 官方 MV | 周杰伦 杰威尔音乐 | 周杰伦 歌曲 | 周杰伦 歌词版 | 周杰伦 演唱会 | 周杰伦 现场 Live,2026-07-29T02:46:39.316916+00:00
D0x09XJgyO4,https://www.youtube.com/watch?v=D0x09XJgyO4,周杰倫 Jay Chou【同一種調調 Same Tone】 -Official Music Video,周杰倫 Jay Chou,UC8CU5nVhCQIdAGrFFp4loOQ,234,,,,1603110,周杰伦 Official Music Video | 周杰伦 现场 Live,2026-07-29T02:46:39.316916+00:00
bu7nU9Mhpyo,https://www.youtube.com/watch?v=bu7nU9Mhpyo,周杰倫 Jay Chou (特別演出: 派偉俊)【告白氣球 Love Confession】Official MV,周杰倫 Jay Chou,UC8CU5nVhCQIdAGrFFp4loOQ,216,,,,280507467,Jay Chou Official MV | 周杰伦 JVR Music | 周杰伦 Official Music Video | 周杰伦 lyric video | 周杰伦 专辑 | 周杰伦 完整版 | 周杰伦 官方 MV | 周杰伦 杰威尔音乐 | 周杰伦 歌曲 | 周杰伦 演唱会 | 周杰伦 现场 Live,2026-07-29T02:46:39.316916+00:00
EZxhW-uSN_I,https://www.youtube.com/watch?v=EZxhW-uSN_I,Jay Chou 周杰倫【周大俠 Master Chou】-Official Music Video(電影「功夫灌籃」主題曲),周杰倫 Jay Chou,UC8CU5nVhCQIdAGrFFp4loOQ,141,,,,3121736,周杰伦 4K MV | 周杰伦 Official Music Video | 周杰伦 lyric video | 周杰伦 完整版 | 周杰伦 官方 MV | 周杰伦 杰威尔音乐 | 周杰伦 歌曲 | 周杰伦 歌词版 | 周杰伦 现场 Live,2026-07-29T02:46:39.316916+00:00
yfn8sE9obWU,https://www.youtube.com/watch?v=yfn8sE9obWU,周杰倫 Jay Chou【哪裡都是你 You are everywhere】Official MV,周杰倫 Jay Chou,UC8CU5nVhCQIdAGrFFp4loOQ,280,,,,18602543,Jay Chou Official MV | 周杰伦 1080P MV | 周杰伦 4K MV | 周杰伦 JVR Music | 周杰伦 Official Music Video | 周杰伦 lyric video | 周杰伦 专辑 | 周杰伦 完整版 | 周杰伦 官方 MV | 周杰伦 杰威尔音乐 | 周杰伦 歌曲 | 周杰伦 歌词版 | 周杰伦 演唱会 | 周杰伦 现场 Live | 周杰伦 高音质,2026-07-29T02:46:39.316916+00:00
GKT_1DTa2as,https://www.youtube.com/watch?v=GKT_1DTa2as,周杰倫 Jay Chou【喬克叔叔 Uncle Joker】-Official Music Video,周杰倫 Jay Chou,UC8CU5nVhCQIdAGrFFp4loOQ,253,,,,2067043,Jay Chou Official MV | 周杰伦 4K MV | 周杰伦 JVR Music | 周杰伦 Official Music Video | 周杰伦 lyric video | 周杰伦 完整版 | 周杰伦 官方 MV | 周杰伦 歌曲 | 周杰伦 歌词版,2026-07-29T02:46:39.316916+00:00
I1boAt2ChIs,https://www.youtube.com/watch?v=I1boAt2ChIs,周杰倫 Jay Chou【嘻哈空姐 Hip-hop Flight Attendant】Official MV,周杰倫 Jay Chou,UC8CU5nVhCQIdAGrFFp4loOQ,170,,,,1139175,Jay Chou Official MV | 周杰伦 Official Music Video | 周杰伦 完整版 | 周杰伦 官方 MV | 周杰伦 歌曲 | 周杰伦 歌词版,2026-07-29T02:46:39.316916+00:00
SnKAHq6O0Is,https://www.youtube.com/watch?v=SnKAHq6O0Is,周杰倫 Jay Chou【四季列車 Four Seasons Train】Official MV,周杰倫 Jay Chou,UC8CU5nVhCQIdAGrFFp4loOQ,158,,,,807190,Jay Chou Official MV | 周杰伦 Official Music Video | 周杰伦 完整版,2026-07-29T02:46:39.316916+00:00
JljURsMOLmc,https://www.youtube.com/watch?v=JljURsMOLmc,周杰倫 Jay Chou【四面楚歌 Surrounded】-Official Music Video,周杰倫 Jay Chou,UC8CU5nVhCQIdAGrFFp4loOQ,253,,,,7362671,Jay Chou Official MV | 周杰伦 JVR Music | 周杰伦 Official Music Video | 周杰伦 lyric video | 周杰伦 官方 MV | 周杰伦 歌曲 | 周杰伦 歌词版 | 周杰伦 现场 Live | 周杰伦 高音质,2026-07-29T02:46:39.316916+00:00
MKNrnSsIwf8,https://www.youtube.com/watch?v=MKNrnSsIwf8,周杰倫 Jay Chou【回到過去 Back to the Past】Official MV,周杰倫 Jay Chou,UC8CU5nVhCQIdAGrFFp4loOQ,299,,,,20506255,Jay Chou Official MV | 周杰伦 4K MV | 周杰伦 JVR Music | 周杰伦 Official Music Video | 周杰伦 lyric video | 周杰伦 专辑 | 周杰伦 完整版 | 周杰伦 官方 MV | 周杰伦 杰威尔音乐 | 周杰伦 歌曲 | 周杰伦 演唱会 | 周杰伦 高音质,2026-07-29T02:46:39.316916+00:00
pm91leB_P8c,https://www.youtube.com/watch?v=pm91leB_P8c,周杰倫 Jay Chou【困獸之鬥 Struggle】-Official Music Video,周杰倫 Jay Chou,UC8CU5nVhCQIdAGrFFp4loOQ,271,,,,2115331,Jay Chou Official MV | 周杰伦 Official Music Video | 周杰伦 lyric video | 周杰伦 官方 MV | 周杰伦 歌曲 | 周杰伦 歌词版,2026-07-29T02:46:39.316916+00:00
IoCoIxkGkVw,https://www.youtube.com/watch?v=IoCoIxkGkVw,周杰倫 Jay Chou【園遊會 Fun Fair】-Official Music Video,周杰倫 Jay Chou,UC8CU5nVhCQIdAGrFFp4loOQ,251,,,,14822367,Jay Chou Official MV | 周杰伦 Official Music Video | 周杰伦 lyric video | 周杰伦 专辑 | 周杰伦 完整版 | 周杰伦 官方 MV | 周杰伦 歌曲 | 周杰伦 歌词版 | 周杰伦 演唱会 | 周杰伦 现场 Live,2026-07-29T02:46:39.316916+00:00
kOriLqPD7PI,https://www.youtube.com/watch?v=kOriLqPD7PI,周杰倫 Jay Chou (feat. 林書豪Jeremy Lin)【土耳其冰淇淋 Tu Er Qi Ice Cream】Official MV,周杰倫 Jay Chou,UC8CU5nVhCQIdAGrFFp4loOQ,196,,,,7288267,Jay Chou Official MV | 周杰伦 JVR Music | 周杰伦 Official Music Video | 周杰伦 lyric video,2026-07-29T02:46:39.316916+00:00
Ur-x4pZT1Rk,https://www.youtube.com/watch?v=Ur-x4pZT1Rk,周杰倫 Jay Chou【外婆 Grandma】-Official Music Video,周杰倫 Jay Chou,UC8CU5nVhCQIdAGrFFp4loOQ,250,,,,8821897,Jay Chou Official MV | 周杰伦 JVR Music | 周杰伦 Official Music Video | 周杰伦 lyric video | 周杰伦 官方 MV | 周杰伦 杰威尔音乐 | 周杰伦 歌曲 | 周杰伦 歌词版 | 周杰伦 演唱会 | 周杰伦 现场 Live | 周杰伦 高音质,2026-07-29T02:46:39.316916+00:00
6Q0Pd53mojY,https://www.youtube.com/watch?v=6Q0Pd53mojY,周杰倫 Jay Chou【夜曲 Nocturne】-Official Music Video,周杰倫 Jay Chou,UC8CU5nVhCQIdAGrFFp4loOQ,234,,,,103799163,Jay Chou Official MV | 周杰伦 4K MV | 周杰伦 JVR Music | 周杰伦 Official Music Video | 周杰伦 lyric video | 周杰伦 专辑 | 周杰伦 完整版 | 周杰伦 官方 MV | 周杰伦 杰威尔音乐 | 周杰伦 歌曲 | 周杰伦 演唱会 | 周杰伦 现场 Live | 周杰伦 高音质,2026-07-29T02:46:39.316916+00:00
AdkkF6MT0R0,https://www.youtube.com/watch?v=AdkkF6MT0R0,周杰倫 Jay Chou【夜的第七章 Chapter Seven】-Official Music Video,周杰倫 Jay Chou,UC8CU5nVhCQIdAGrFFp4loOQ,229,,,,16550490,Jay Chou Official MV | 周杰伦 Official Music Video | 周杰伦 lyric video | 周杰伦 专辑 | 周杰伦 官方 MV | 周杰伦 歌曲 | 周杰伦 现场 Live | 周杰伦 高音质,2026-07-29T02:46:39.316916+00:00
wTZrLNQ8WF8,https://www.youtube.com/watch?v=wTZrLNQ8WF8,周杰倫 Jay Chou【夜的第七章電影版 Chapter Seven】-Official Movie Version,周杰倫 Jay Chou,UC8CU5nVhCQIdAGrFFp4loOQ,567,,,,1138273,Jay Chou Official MV | 周杰伦 4K MV | 周杰伦 Official Music Video | 周杰伦 lyric video | 周杰伦 完整版 | 周杰伦 官方 MV | 周杰伦 歌曲 | 周杰伦 歌词版 | 周杰伦 现场 Live | 周杰伦 高音质,2026-07-29T02:46:39.316916+00:00
b42KZYgxXZ0,https://www.youtube.com/watch?v=b42KZYgxXZ0,周杰倫 Jay Chou【夢想啟動 Dream】Official MV,周杰倫 Jay Chou,UC8CU5nVhCQIdAGrFFp4loOQ,202,,,,4208991,Jay Chou Official MV,2026-07-29T02:46:39.316916+00:00
-u4sPnpaFEA,https://www.youtube.com/watch?v=-u4sPnpaFEA,周杰倫 Jay Chou【大笨鐘 Big Ben】Official MV,周杰倫 Jay Chou,UC8CU5nVhCQIdAGrFFp4loOQ,247,,,,34397066,Jay Chou Official MV | 周杰伦 4K MV | 周杰伦 JVR Music | 周杰伦 Official Music Video | 周杰伦 lyric video | 周杰伦 官方 MV | 周杰伦 杰威尔音乐 | 周杰伦 歌曲 | 周杰伦 歌词版 | 周杰伦 演唱会 | 周杰伦 现场 Live | 周杰伦 高音质,2026-07-29T02:46:39.316916+00:00
GDBD6h8BWIc,https://www.youtube.com/watch?v=GDBD6h8BWIc,周杰倫 Jay Chou【天台的月光 Moonlight on the Rooftop】Official Music Video,周杰倫 Jay Chou,UC8CU5nVhCQIdAGrFFp4loOQ,160,,,,976251,周杰伦 1080P MV,2026-07-29T02:46:39.316916+00:00
eaW0jUGaHe0,https://www.youtube.com/watch?v=eaW0jUGaHe0,Jay Chou 周杰倫【天地一鬥 Spark 】-Official Music Video(ft. Kobe Bryant),周杰倫 Jay Chou,UC8CU5nVhCQIdAGrFFp4loOQ,187,,,,2135816,Jay Chou Official MV | 周杰伦 Official Music Video | 周杰伦 完整版 | 周杰伦 歌曲,2026-07-29T02:46:39.316916+00:00
zVJN1maXgH4,https://www.youtube.com/watch?v=zVJN1maXgH4,"周杰倫+Kobe Bryant【天地一鬥 官方完整MV】Jay Chou ""Spark"" MV",周杰倫 Jay Chou,UC8CU5nVhCQIdAGrFFp4loOQ,193,,,,244582,周杰伦 官方 MV,2026-07-29T02:46:39.316916+00:00
-gJzlOJ0Zoo,https://www.youtube.com/watch?v=-gJzlOJ0Zoo,周杰倫 Jay Chou【天涯過客 Passer-by】Official MV,周杰倫 Jay Chou,UC8CU5nVhCQIdAGrFFp4loOQ,253,,,,15362358,Jay Chou Official MV | 周杰伦 JVR Music | 周杰伦 Official Music Video | 周杰伦 lyric video | 周杰伦 官方 MV | 周杰伦 杰威尔音乐 | 周杰伦 歌曲 | 周杰伦 高音质,2026-07-29T02:46:39.316916+00:00
Hgnpi3eBQ9o,https://www.youtube.com/watch?v=Hgnpi3eBQ9o,Jay Chou 周杰倫【Children of the Sun 太陽之子】Official Music Video,周杰倫 Jay Chou,UC8CU5nVhCQIdAGrFFp4loOQ,419,,,,9845782,Jay Chou Official MV | 周杰伦 4K MV | 周杰伦 Official Music Video | 周杰伦 lyric video | 周杰伦 专辑 | 周杰伦 完整版 | 周杰伦 杰威尔音乐 | 周杰伦 歌曲 | 周杰伦 歌词版 | 周杰伦 演唱会 | 周杰伦 现场 Live | 周杰伦 高音质,2026-07-29T02:46:39.316916+00:00
aGsrg1NO1cM,https://www.youtube.com/watch?v=aGsrg1NO1cM,"Jay Chou 周杰倫【My Daughter, Your Highness女兒殿下】Official Music Video",周杰倫 Jay Chou,UC8CU5nVhCQIdAGrFFp4loOQ,225,,,,11075910,Jay Chou Official MV | 周杰伦 JVR Music | 周杰伦 Official Music Video | 周杰伦 lyric video | 周杰伦 专辑 | 周杰伦 完整版 | 周杰伦 官方 MV | 周杰伦 杰威尔音乐 | 周杰伦 歌曲 | 周杰伦 歌词版 | 周杰伦 演唱会,2026-07-29T02:46:39.316916+00:00
gqzlB7Gla2E,https://www.youtube.com/watch?v=gqzlB7Gla2E,周杰倫 Jay Chou【她的睫毛 Her Eyelashes】-Official Music Video,周杰倫 Jay Chou,UC8CU5nVhCQIdAGrFFp4loOQ,232,,,,6039749,Jay Chou Official MV | 周杰伦 JVR Music | 周杰伦 Official Music Video | 周杰伦 lyric video | 周杰伦 专辑 | 周杰伦 官方 MV | 周杰伦 杰威尔音乐 | 周杰伦 歌曲 | 周杰伦 歌词版 | 周杰伦 现场 Live | 周杰伦 高音质,2026-07-29T02:46:39.316916+00:00
uAUBexRRFr0,https://www.youtube.com/watch?v=uAUBexRRFr0,周杰倫 Jay Chou【好久不見 Long Time No See】Official MV,周杰倫 Jay Chou,UC8CU5nVhCQIdAGrFFp4loOQ,258,,,,6414026,Jay Chou Official MV | 周杰伦 JVR Music | 周杰伦 Official Music Video | 周杰伦 lyric video | 周杰伦 完整版 | 周杰伦 官方 MV | 周杰伦 杰威尔音乐 | 周杰伦 歌曲 | 周杰伦 歌词版 | 周杰伦 高音质,2026-07-29T02:46:39.316916+00:00
kLY11fv7fUk,https://www.youtube.com/watch?v=kLY11fv7fUk,周杰倫 Jay Chou【妳聽得到 You Hear Me】-Official Music Video,周杰倫 Jay Chou,UC8CU5nVhCQIdAGrFFp4loOQ,278,,,,6474782,Jay Chou Official MV | 周杰伦 4K MV | 周杰伦 JVR Music | 周杰伦 Official Music Video | 周杰伦 lyric video | 周杰伦 官方 MV | 周杰伦 杰威尔音乐 | 周杰伦 歌曲 | 周杰伦 歌词版,2026-07-29T02:46:39.316916+00:00
lCzWCxVAkfc,https://www.youtube.com/watch?v=lCzWCxVAkfc,周杰倫 Jay Chou【威廉古堡 William Castle】Official MV,周杰倫 Jay Chou,UC8CU5nVhCQIdAGrFFp4loOQ,235,,,,4303242,Jay Chou Official MV | 周杰伦 JVR Music | 周杰伦 Official Music Video | 周杰伦 lyric video | 周杰伦 专辑 | 周杰伦 完整版 | 周杰伦 官方 MV | 周杰伦 杰威尔音乐 | 周杰伦 歌曲 | 周杰伦 歌词版,2026-07-29T02:46:39.316916+00:00
MpP9dw_j2PI,https://www.youtube.com/watch?v=MpP9dw_j2PI,周杰倫 Jay Chou【娘子 Wife】-Official Music Video,周杰倫 Jay Chou,UC8CU5nVhCQIdAGrFFp4loOQ,272,,,,3330896,Jay Chou Official MV | 周杰伦 JVR Music | 周杰伦 Official Music Video | 周杰伦 lyric video | 周杰伦 完整版 | 周杰伦 官方 MV | 周杰伦 歌曲 | 周杰伦 歌词版 | 周杰伦 现场 Live,2026-07-29T02:46:39.316916+00:00
1hI-7vj2FhE,https://www.youtube.com/watch?v=1hI-7vj2FhE,周杰倫 Jay Chou【安靜 Silence】Official MV,周杰倫 Jay Chou,UC8CU5nVhCQIdAGrFFp4loOQ,332,,,,63576736,Jay Chou Official MV | 周杰伦 4K MV | 周杰伦 JVR Music | 周杰伦 Official Music Video | 周杰伦 lyric video | 周杰伦 专辑 | 周杰伦 完整版 | 周杰伦 官方 MV | 周杰伦 杰威尔音乐 | 周杰伦 歌曲 | 周杰伦 演唱会,2026-07-29T02:46:39.316916+00:00
gxZHH8x2zPg,https://www.youtube.com/watch?v=gxZHH8x2zPg,周杰倫 Jay Chou【完美主義 Perfectionism】-Official Music Video,周杰倫 Jay Chou,UC8CU5nVhCQIdAGrFFp4loOQ,245,,,,3082076,Jay Chou Official MV | 周杰伦 Official Music Video | 周杰伦 lyric video | 周杰伦 完整版 | 周杰伦 官方 MV | 周杰伦 歌曲 | 周杰伦 歌词版 | 周杰伦 现场 Live,2026-07-29T02:46:39.316916+00:00
PaJdceSx4JA,https://www.youtube.com/watch?v=PaJdceSx4JA,周杰倫 Jay Chou【將軍 General】-Official Music Video,周杰倫 Jay Chou,UC8CU5nVhCQIdAGrFFp4loOQ,212,,,,3482868,Jay Chou Official MV | 周杰伦 4K MV | 周杰伦 Official Music Video | 周杰伦 完整版 | 周杰伦 官方 MV | 周杰伦 歌曲 | 周杰伦 歌词版 | 周杰伦 现场 Live,2026-07-29T02:46:39.316916+00:00
N2DkKFxijv0,https://www.youtube.com/watch?v=N2DkKFxijv0,周杰倫 Jay Chou【對不起 Sorry】Official MV,周杰倫 Jay Chou,UC8CU5nVhCQIdAGrFFp4loOQ,226,,,,3659477,Jay Chou Official MV | 周杰伦 Official Music Video | 周杰伦 lyric video | 周杰伦 完整版 | 周杰伦 官方 MV | 周杰伦 歌曲 | 周杰伦 现场 Live,2026-07-29T02:46:39.316916+00:00
pAZjcx150Zc,https://www.youtube.com/watch?v=pAZjcx150Zc,"周杰倫+林志玲【帶我飛 官方完整MV】Jay Chou ""Fly Away"" MV",周杰倫 Jay Chou,UC8CU5nVhCQIdAGrFFp4loOQ,265,,,,451987,Jay Chou Official MV | 周杰伦 Official Music Video | 周杰伦 完整版 | 周杰伦 官方 MV | 周杰伦 歌曲 | 周杰伦 歌词版,2026-07-29T02:46:39.316916+00:00
-7r6VqSllNg,https://www.youtube.com/watch?v=-7r6VqSllNg,周杰倫 Jay Chou【床邊故事 Bedtime Stories】Official MV,周杰倫 Jay Chou,UC8CU5nVhCQIdAGrFFp4loOQ,229,,,,13699742,Jay Chou Official MV | 周杰伦 JVR Music | 周杰伦 Official Music Video | 周杰伦 lyric video | 周杰伦 专辑 | 周杰伦 完整版 | 周杰伦 官方 MV | 周杰伦 歌词版,2026-07-29T02:46:39.316916+00:00
WxZvXPTBC0A,https://www.youtube.com/watch?v=WxZvXPTBC0A,周杰倫 Jay Chou【彩虹 Rainbow】-Official Music Video,周杰倫 Jay Chou,UC8CU5nVhCQIdAGrFFp4loOQ,273,,,,33393202,Jay Chou Official MV | 周杰伦 Official Music Video | 周杰伦 lyric video | 周杰伦 完整版 | 周杰伦 官方 MV | 周杰伦 杰威尔音乐 | 周杰伦 歌曲 | 周杰伦 歌词版,2026-07-29T02:46:39.316916+00:00
xVTI5eSzwzQ,https://www.youtube.com/watch?v=xVTI5eSzwzQ,周杰倫 Jay Chou【心雨 Rainy Mood】-Official Music Video,周杰倫 Jay Chou,UC8CU5nVhCQIdAGrFFp4loOQ,268,,,,11050321,Jay Chou Official MV | 周杰伦 JVR Music | 周杰伦 Official Music Video | 周杰伦 lyric video | 周杰伦 完整版 | 周杰伦 官方 MV | 周杰伦 杰威尔音乐 | 周杰伦 歌曲 | 周杰伦 歌词版 | 周杰伦 现场 Live,2026-07-29T02:46:39.316916+00:00
55yJh4SHUBY,https://www.youtube.com/watch?v=55yJh4SHUBY,周杰倫 Jay Chou【忍者 Ninja】Official MV,周杰倫 Jay Chou,UC8CU5nVhCQIdAGrFFp4loOQ,160,,,,4589840,Jay Chou Official MV | 周杰伦 JVR Music | 周杰伦 Official Music Video | 周杰伦 lyric video | 周杰伦 完整版 | 周杰伦 官方 MV | 周杰伦 歌词版,2026-07-29T02:46:39.316916+00:00
RcdscWaat_w,https://www.youtube.com/watch?v=RcdscWaat_w,周杰倫 Jay Chou【怎麼了 What's Wrong (feat. 袁詠琳 Cindy)】Official MV,周杰倫 Jay Chou,UC8CU5nVhCQIdAGrFFp4loOQ,233,,,,16353980,Jay Chou Official MV | 周杰伦 JVR Music | 周杰伦 Official Music Video | 周杰伦 lyric video | 周杰伦 官方 MV | 周杰伦 杰威尔音乐 | 周杰伦 歌曲,2026-07-29T02:46:39.316916+00:00
miBGaUagOz8,https://www.youtube.com/watch?v=miBGaUagOz8,"周杰倫 Jay Chou【愛你沒差 Love you, no matter what】Official MV",周杰倫 Jay Chou,UC8CU5nVhCQIdAGrFFp4loOQ,286,,,,40004198,Jay Chou Official MV | 周杰伦 JVR Music | 周杰伦 Official Music Video | 周杰伦 lyric video | 周杰伦 完整版 | 周杰伦 官方 MV | 周杰伦 杰威尔音乐 | 周杰伦 歌曲 | 周杰伦 现场 Live,2026-07-29T02:46:39.316916+00:00
5XK2C9w6oVk,https://www.youtube.com/watch?v=5XK2C9w6oVk,周杰倫 Jay Chou【愛在西元前 Love before AD】Official MV,周杰倫 Jay Chou,UC8CU5nVhCQIdAGrFFp4loOQ,239,,,,25600435,Jay Chou Official MV | 周杰伦 JVR Music | 周杰伦 Official Music Video | 周杰伦 lyric video | 周杰伦 专辑 | 周杰伦 完整版 | 周杰伦 官方 MV | 周杰伦 杰威尔音乐 | 周杰伦 歌曲 | 周杰伦 歌词版 | 周杰伦 演唱会 | 周杰伦 现场 Live,2026-07-29T02:46:39.316916+00:00
2kdYSeoHChg,https://www.youtube.com/watch?v=2kdYSeoHChg,周杰倫 Jay Chou【愛情廢柴 Failure at love】Official MV,周杰倫 Jay Chou,UC8CU5nVhCQIdAGrFFp4loOQ,280,,,,60942170,Jay Chou Official MV | 周杰伦 JVR Music | 周杰伦 Official Music Video | 周杰伦 lyric video | 周杰伦 完整版 | 周杰伦 官方 MV | 周杰伦 杰威尔音乐 | 周杰伦 歌曲,2026-07-29T02:46:39.316916+00:00
H5VQdhYh9rc,https://www.youtube.com/watch?v=H5VQdhYh9rc,周杰倫 Jay Chou【愛情懸崖 Cliff】-Official Music Video,周杰倫 Jay Chou,UC8CU5nVhCQIdAGrFFp4loOQ,270,,,,3833248,Jay Chou Official MV | 周杰伦 Official Music Video,2026-07-29T02:46:39.316916+00:00
ZLldhJXp7iw,https://www.youtube.com/watch?v=ZLldhJXp7iw,Jay Chou 周杰倫【Aegean Sea 愛琴海】Official Music Video,周杰倫 Jay Chou,UC8CU5nVhCQIdAGrFFp4loOQ,217,,,,8447182,Jay Chou Official MV | 周杰伦 4K MV | 周杰伦 JVR Music | 周杰伦 Official Music Video | 周杰伦 lyric video | 周杰伦 专辑 | 周杰伦 完整版 | 周杰伦 官方 MV | 周杰伦 杰威尔音乐 | 周杰伦 歌曲 | 周杰伦 歌词版 | 周杰伦 演唱会 | 周杰伦 现场 Live | 周杰伦 高音质,2026-07-29T02:46:39.316916+00:00
odNYK272RtQ,https://www.youtube.com/watch?v=odNYK272RtQ,周杰倫 Jay Chou【愛的飛行日記 Diary of Love (feat. 楊瑞代 Gary)】Official MV,周杰倫 Jay Chou,UC8CU5nVhCQIdAGrFFp4loOQ,256,,,,5274969,Jay Chou Official MV | 周杰伦 JVR Music | 周杰伦 Official Music Video | 周杰伦 lyric video | 周杰伦 专辑 | 周杰伦 官方 MV | 周杰伦 歌曲 | 周杰伦 歌词版 | 周杰伦 演唱会,2026-07-29T02:46:39.316916+00:00
Xi_RBDWZaT0,https://www.youtube.com/watch?v=Xi_RBDWZaT0,周杰倫 Jay Chou【懦夫 Coward】-Official Music Video,周杰倫 Jay Chou,UC8CU5nVhCQIdAGrFFp4loOQ,218,,,,1610838,Jay Chou Official MV | 周杰伦 1080P MV | 周杰伦 JVR Music | 周杰伦 Official Music Video | 周杰伦 lyric video | 周杰伦 完整版 | 周杰伦 官方 MV | 周杰伦 杰威尔音乐 | 周杰伦 歌曲 | 周杰伦 歌词版 | 周杰伦 现场 Live | 周杰伦 高音质,2026-07-29T02:46:39.316916+00:00
s-VFpsrbWLk,https://www.youtube.com/watch?v=s-VFpsrbWLk,周杰倫 Jay Chou【我不配 Not Good Enough For You】-Official Music Video,周杰倫 Jay Chou,UC8CU5nVhCQIdAGrFFp4loOQ,318,,,,38230761,Jay Chou Official MV | 周杰伦 Official Music Video | 周杰伦 lyric video | 周杰伦 专辑 | 周杰伦 完整版 | 周杰伦 官方 MV | 周杰伦 杰威尔音乐 | 周杰伦 歌曲 | 周杰伦 歌词版 | 周杰伦 演唱会 | 周杰伦 现场 Live,2026-07-29T02:46:39.316916+00:00
TbFWYT9VGRk,https://www.youtube.com/watch?v=TbFWYT9VGRk,周杰倫 Jay Chou【我是如此相信 I Truly Believe】(電影天火主題曲) Official MV,周杰倫 Jay Chou,UC8CU5nVhCQIdAGrFFp4loOQ,266,,,,25039965,Jay Chou Official MV | 周杰伦 4K MV | 周杰伦 JVR Music | 周杰伦 Official Music Video | 周杰伦 lyric video | 周杰伦 完整版 | 周杰伦 官方 MV | 周杰伦 歌曲 | 周杰伦 歌词版 | 周杰伦 演唱会 | 周杰伦 现场 Live,2026-07-29T02:46:39.316916+00:00
RJerfq6MqY0,https://www.youtube.com/watch?v=RJerfq6MqY0,周杰倫 Jay Chou【我的地盤 My Territory】-Official Music Video,周杰倫 Jay Chou,UC8CU5nVhCQIdAGrFFp4loOQ,251,,,,2615946,周杰伦 1080P MV | 周杰伦 JVR Music | 周杰伦 Official Music Video | 周杰伦 lyric video | 周杰伦 完整版 | 周杰伦 现场 Live | 周杰伦 高音质,2026-07-29T02:46:39.316916+00:00
6d0v2InyN_w,https://www.youtube.com/watch?v=6d0v2InyN_w,周杰倫 Jay Chou【我落淚 情緒零碎 Tears of Scattered Emotion】Official MV,周杰倫 Jay Chou,UC8CU5nVhCQIdAGrFFp4loOQ,257,,,,14646016,Jay Chou Official MV | 周杰伦 Official Music Video | 周杰伦 lyric video | 周杰伦 完整版 | 周杰伦 官方 MV | 周杰伦 杰威尔音乐 | 周杰伦 歌曲 | 周杰伦 歌词版 | 周杰伦 演唱会 | 周杰伦 现场 Live | 周杰伦 高音质,2026-07-29T02:46:39.316916+00:00
3LFDEeLm0ss,https://www.youtube.com/watch?v=3LFDEeLm0ss,周杰倫 Jay Chou【我要夏天 I Want Summer (feat. 楊瑞代 Gary)】Official MV,周杰倫 Jay Chou,UC8CU5nVhCQIdAGrFFp4loOQ,230,,,,7111604,Jay Chou Official MV | 周杰伦 1080P MV,2026-07-29T02:46:39.316916+00:00
TMB6-YflpA4,https://www.youtube.com/watch?v=TMB6-YflpA4,周杰倫 Jay Chou【手寫的從前 Handwritten Past】Official MV,周杰倫 Jay Chou,UC8CU5nVhCQIdAGrFFp4loOQ,295,,,,68450489,周杰伦 Official Music Video | 周杰伦 lyric video | 周杰伦 专辑 | 周杰伦 完整版 | 周杰伦 官方 MV | 周杰伦 歌曲 | 周杰伦 歌词版 | 周杰伦 演唱会 | 周杰伦 现场 Live | 周杰伦 高音质,2026-07-29T02:46:39.316916+00:00
ChXiROKng30,https://www.youtube.com/watch?v=ChXiROKng30,Jay Chou 周杰倫【手語 Sign Language】-Official Music Video,周杰倫 Jay Chou,UC8CU5nVhCQIdAGrFFp4loOQ,296,,,,6686330,周杰伦 JVR Music | 周杰伦 Official Music Video | 周杰伦 lyric video | 周杰伦 完整版 | 周杰伦 杰威尔音乐 | 周杰伦 歌词版 | 周杰伦 现场 Live,2026-07-29T02:46:39.316916+00:00
f5hakuX3lCA,https://www.youtube.com/watch?v=f5hakuX3lCA,周杰倫 Jay Chou【扯 Pull Apart】-Official Music Video,周杰倫 Jay Chou,UC8CU5nVhCQIdAGrFFp4loOQ,198,,,,1576686,Jay Chou Official MV | 周杰伦 4K MV | 周杰伦 JVR Music | 周杰伦 Official Music Video | 周杰伦 lyric video | 周杰伦 完整版 | 周杰伦 官方 MV | 周杰伦 歌曲 | 周杰伦 歌词版,2026-07-29T02:46:39.316916+00:00
YJfHuATJYsQ,https://www.youtube.com/watch?v=YJfHuATJYsQ,周杰倫 Jay Chou【擱淺 Step Aside】-Official Music Video,周杰倫 Jay Chou,UC8CU5nVhCQIdAGrFFp4loOQ,269,,,,81828563,Jay Chou Official MV | 周杰伦 Official Music Video | 周杰伦 lyric video | 周杰伦 专辑 | 周杰伦 完整版 | 周杰伦 官方 MV | 周杰伦 杰威尔音乐 | 周杰伦 歌曲 | 周杰伦 歌词版 | 周杰伦 演唱会 | 周杰伦 现场 Live | 周杰伦 高音质,2026-07-29T02:46:39.316916+00:00
n_KlMpP0vdw,https://www.youtube.com/watch?v=n_KlMpP0vdw,周杰倫 Jay Chou【斷了的弦 Broken Strings】Official MV,周杰倫 Jay Chou,UC8CU5nVhCQIdAGrFFp4loOQ,295,,,,9936023,Jay Chou Official MV | 周杰伦 Official Music Video | 周杰伦 lyric video | 周杰伦 官方 MV | 周杰伦 杰威尔音乐 | 周杰伦 歌曲 | 周杰伦 演唱会 | 周杰伦 高音质,2026-07-29T02:46:39.316916+00:00
UBySINroNkw,https://www.youtube.com/watch?v=UBySINroNkw,周杰倫 Jay Chou【明明就 Ming Ming Jiu】Official MV,周杰倫 Jay Chou,UC8CU5nVhCQIdAGrFFp4loOQ,260,,,,108506811,Jay Chou Official MV | 周杰伦 JVR Music | 周杰伦 Official Music Video | 周杰伦 lyric video | 周杰伦 完整版 | 周杰伦 官方 MV | 周杰伦 歌曲 | 周杰伦 歌词版 | 周杰伦 演唱会 | 周杰伦 现场 Live | 周杰伦 高音质,2026-07-29T02:46:39.316916+00:00
sTNJsIcPSvE,https://www.youtube.com/watch?v=sTNJsIcPSvE,周杰倫 Jay Chou【星晴 Starry Mood】-Official Music Video,周杰倫 Jay Chou,UC8CU5nVhCQIdAGrFFp4loOQ,258,,,,12830129,Jay Chou Official MV | 周杰伦 4K MV | 周杰伦 JVR Music | 周杰伦 Official Music Video | 周杰伦 lyric video | 周杰伦 完整版 | 周杰伦 官方 MV | 周杰伦 杰威尔音乐 | 周杰伦 歌曲 | 周杰伦 歌词版 | 周杰伦 现场 Live | 周杰伦 高音质,2026-07-29T02:46:39.316916+00:00
nCfrfCzaB2A,https://www.youtube.com/watch?v=nCfrfCzaB2A,周杰倫 Jay Chou【時光機 Time Machine】-Official Music Video,周杰倫 Jay Chou,UC8CU5nVhCQIdAGrFFp4loOQ,311,,,,10136216,Jay Chou Official MV | 周杰伦 JVR Music | 周杰伦 Official Music Video | 周杰伦 lyric video | 周杰伦 完整版 | 周杰伦 杰威尔音乐 | 周杰伦 歌曲,2026-07-29T02:46:39.316916+00:00
DYptgVvkVLQ,https://www.youtube.com/watch?v=DYptgVvkVLQ,周杰倫 Jay Chou【晴天 Sunny Day】-Official Music Video,周杰倫 Jay Chou,UC8CU5nVhCQIdAGrFFp4loOQ,319,,,,95112666,Jay Chou Official MV | 周杰伦 JVR Music | 周杰伦 Official Music Video | 周杰伦 lyric video | 周杰伦 专辑 | 周杰伦 完整版 | 周杰伦 歌曲 | 周杰伦 歌词版 | 周杰伦 演唱会,2026-07-29T02:46:39.316916+00:00
CYT9DPJdtS4,https://www.youtube.com/watch?v=CYT9DPJdtS4,周杰倫 Jay Chou【暗號 Secret Code】Official MV,周杰倫 Jay Chou,UC8CU5nVhCQIdAGrFFp4loOQ,268,,,,15906833,Jay Chou Official MV | 周杰伦 4K MV | 周杰伦 JVR Music | 周杰伦 Official Music Video | 周杰伦 lyric video | 周杰伦 专辑 | 周杰伦 完整版 | 周杰伦 官方 MV | 周杰伦 杰威尔音乐 | 周杰伦 歌曲 | 周杰伦 歌词版 | 周杰伦 现场 Live,2026-07-29T02:46:39.316916+00:00
1emA1EFsPMM,https://www.youtube.com/watch?v=1emA1EFsPMM,周杰倫 Jay Chou【最偉大的作品 Greatest Works of Art】Official MV,周杰倫 Jay Chou,UC8CU5nVhCQIdAGrFFp4loOQ,306,,,,31618226,Jay Chou Official MV | 周杰伦 4K MV | 周杰伦 JVR Music | 周杰伦 Official Music Video | 周杰伦 lyric video | 周杰伦 专辑 | 周杰伦 官方 MV | 周杰伦 现场 Live,2026-07-29T02:46:39.316916+00:00
ZcShYmOhHM0,https://www.youtube.com/watch?v=ZcShYmOhHM0,周杰倫 Jay Chou【最後的戰役 The Final Battle】Official MV,周杰倫 Jay Chou,UC8CU5nVhCQIdAGrFFp4loOQ,344,,,,5410059,Jay Chou Official MV | 周杰伦 JVR Music | 周杰伦 Official Music Video | 周杰伦 lyric video | 周杰伦 专辑 | 周杰伦 官方 MV | 周杰伦 杰威尔音乐 | 周杰伦 歌曲 | 周杰伦 歌词版 | 周杰伦 现场 Live | 周杰伦 高音质,2026-07-29T02:46:39.316916+00:00
2zxc27bvrO8,https://www.youtube.com/watch?v=2zxc27bvrO8,周杰倫 Jay Chou【最長的電影 The Longest Movie】-Official Music Video,周杰倫 Jay Chou,UC8CU5nVhCQIdAGrFFp4loOQ,238,,,,42287466,Jay Chou Official MV | 周杰伦 JVR Music | 周杰伦 Official Music Video | 周杰伦 lyric video | 周杰伦 完整版 | 周杰伦 官方 MV | 周杰伦 杰威尔音乐 | 周杰伦 歌曲 | 周杰伦 歌词版 | 周杰伦 高音质,2026-07-29T02:46:39.316916+00:00
8CD06hC1KGU,https://www.youtube.com/watch?v=8CD06hC1KGU,周杰倫 Jay Chou【本草綱目Chinese Herbal Manual】-Official Music Video,周杰倫 Jay Chou,UC8CU5nVhCQIdAGrFFp4loOQ,228,,,,14235057,Jay Chou Official MV | 周杰伦 1080P MV | 周杰伦 JVR Music | 周杰伦 Official Music Video | 周杰伦 lyric video | 周杰伦 完整版 | 周杰伦 官方 MV | 周杰伦 杰威尔音乐 | 周杰伦 歌曲 | 周杰伦 歌词版,2026-07-29T02:46:39.316916+00:00
qct0JLjaHDc,https://www.youtube.com/watch?v=qct0JLjaHDc,周杰倫 Jay Chou【東風破 Dong-Feng-Po】-Official Music Video,周杰倫 Jay Chou,UC8CU5nVhCQIdAGrFFp4loOQ,314,,,,19537179,Jay Chou Official MV | 周杰伦 JVR Music | 周杰伦 Official Music Video | 周杰伦 lyric video | 周杰伦 专辑 | 周杰伦 官方 MV | 周杰伦 杰威尔音乐 | 周杰伦 歌词版 | 周杰伦 演唱会,2026-07-29T02:46:39.316916+00:00
u9J99gB5psc,https://www.youtube.com/watch?v=u9J99gB5psc,周杰倫 Jay Chou【梯田 Terrace Field】-Official Music Video,周杰倫 Jay Chou,UC8CU5nVhCQIdAGrFFp4loOQ,209,,,,2010029,Jay Chou Official MV | 周杰伦 Official Music Video | 周杰伦 lyric video | 周杰伦 完整版 | 周杰伦 官方 MV | 周杰伦 歌曲 | 周杰伦 歌词版 | 周杰伦 现场 Live,2026-07-29T02:46:39.316916+00:00
qzwsQTY-99o,https://www.youtube.com/watch?v=qzwsQTY-99o,周杰倫 Jay Chou【楓Maple Leaf 】-Official Music Video,周杰倫 Jay Chou,UC8CU5nVhCQIdAGrFFp4loOQ,286,,,,82962660,Jay Chou Official MV | 周杰伦 1080P MV | 周杰伦 JVR Music | 周杰伦 Official Music Video | 周杰伦 lyric video | 周杰伦 专辑 | 周杰伦 完整版 | 周杰伦 官方 MV | 周杰伦 歌曲 | 周杰伦 歌词版 | 周杰伦 演唱会 | 周杰伦 现场 Live,2026-07-29T02:46:39.316916+00:00
qIZ5MAwbeCg,https://www.youtube.com/watch?v=qIZ5MAwbeCg,周杰倫 Jay Chou【止戰之殤 Wounds of War】-Official Music Video,周杰倫 Jay Chou,UC8CU5nVhCQIdAGrFFp4loOQ,278,,,,18954052,Jay Chou Official MV | 周杰伦 4K MV | 周杰伦 JVR Music | 周杰伦 Official Music Video | 周杰伦 lyric video | 周杰伦 专辑 | 周杰伦 官方 MV | 周杰伦 杰威尔音乐 | 周杰伦 歌词版 | 周杰伦 演唱会 | 周杰伦 现场 Live | 周杰伦 高音质,2026-07-29T02:46:39.316916+00:00
wUJ37I6au2w,https://www.youtube.com/watch?v=wUJ37I6au2w,周杰倫 Jay Chou【水手怕水 Sailor Afraid of Water】Official MV,周杰倫 Jay Chou,UC8CU5nVhCQIdAGrFFp4loOQ,173,,,,6081860,周杰伦 4K MV | 周杰伦 官方 MV,2026-07-29T02:46:39.316916+00:00
-ytYpXm3cv0,https://www.youtube.com/watch?v=-ytYpXm3cv0,周杰倫 Jay Chou【流浪詩人 Drifting Poet】-Official Music Video,周杰倫 Jay Chou,UC8CU5nVhCQIdAGrFFp4loOQ,172,,,,1310926,Jay Chou Official MV | 周杰伦 Official Music Video | 周杰伦 lyric video | 周杰伦 完整版 | 周杰伦 官方 MV | 周杰伦 歌曲 | 周杰伦 歌词版 | 周杰伦 现场 Live,2026-07-29T02:46:39.316916+00:00
Kbvu9Vt5_eE,https://www.youtube.com/watch?v=Kbvu9Vt5_eE,周杰倫 Jay Chou【浪漫手機 Romantic Cellphone】-Official Music Video,周杰倫 Jay Chou,UC8CU5nVhCQIdAGrFFp4loOQ,280,,,,8151283,Jay Chou Official MV | 周杰伦 JVR Music | 周杰伦 Official Music Video | 周杰伦 lyric video | 周杰伦 官方 MV | 周杰伦 杰威尔音乐 | 周杰伦 歌曲 | 周杰伦 歌词版,2026-07-29T02:46:39.316916+00:00
SW3OQ0ijUCI,https://www.youtube.com/watch?v=SW3OQ0ijUCI,Jay Chou 周杰倫【Gold Rush Town 淘金小鎮】Official Music Video,周杰倫 Jay Chou,UC8CU5nVhCQIdAGrFFp4loOQ,267,,,,10080884,Jay Chou Official MV | 周杰伦 JVR Music | 周杰伦 Official Music Video | 周杰伦 lyric video | 周杰伦 专辑 | 周杰伦 完整版 | 周杰伦 官方 MV | 周杰伦 杰威尔音乐 | 周杰伦 歌曲 | 周杰伦 歌词版 | 周杰伦 演唱会 | 周杰伦 现场 Live,2026-07-29T02:46:39.316916+00:00
V4icndlWcPo,https://www.youtube.com/watch?v=V4icndlWcPo,Jay Chou 周杰倫 【湘女多情】The girl from Hunan Lyric Video,杰威爾歌詞MV頻道JVR Lyric MV,UCsMWXIFViw8KxCl1i7X8deA,237,,,,24707,周杰伦 lyric video,2026-07-29T02:46:39.316916+00:00
K5qKpFLWaoA,https://www.youtube.com/watch?v=K5qKpFLWaoA,周杰倫 Jay Chou【火車叨位去 The Train's Destination】Official MV,周杰倫 Jay Chou,UC8CU5nVhCQIdAGrFFp4loOQ,278,,,,2378450,Jay Chou Official MV | 周杰伦 JVR Music | 周杰伦 Official Music Video | 周杰伦 lyric video | 周杰伦 完整版 | 周杰伦 官方 MV | 周杰伦 杰威尔音乐 | 周杰伦 歌曲 | 周杰伦 歌词版 | 周杰伦 现场 Live,2026-07-29T02:46:39.316916+00:00
-QqpEvN2Xd8,https://www.youtube.com/watch?v=-QqpEvN2Xd8,周杰倫 Jay Chou【烏克麗麗 Ukulele】Official MV,周杰倫 Jay Chou,UC8CU5nVhCQIdAGrFFp4loOQ,179,,,,10705241,Jay Chou Official MV | 周杰伦 JVR Music | 周杰伦 Official Music Video | 周杰伦 lyric video | 周杰伦 完整版 | 周杰伦 官方 MV | 周杰伦 杰威尔音乐 | 周杰伦 歌曲 | 周杰伦 歌词版,2026-07-29T02:46:39.316916+00:00
IYiIL2ZgOK4,https://www.youtube.com/watch?v=IYiIL2ZgOK4,周杰倫 Jay Chou【無雙 Incomparable】-Official Music Video,周杰倫 Jay Chou,UC8CU5nVhCQIdAGrFFp4loOQ,234,,,,2122026,Jay Chou Official MV | 周杰伦 Official Music Video | 周杰伦 歌曲 | 周杰伦 歌词版,2026-07-29T02:46:39.316916+00:00
COMHDRqAvYE,https://www.youtube.com/watch?v=COMHDRqAvYE,周杰倫 Jay Chou【煙花易冷 Fade Away】Official MV,周杰倫 Jay Chou,UC8CU5nVhCQIdAGrFFp4loOQ,267,,,,24643756,Jay Chou Official MV | 周杰伦 JVR Music | 周杰伦 lyric video | 周杰伦 完整版 | 周杰伦 杰威尔音乐 | 周杰伦 歌曲 | 周杰伦 现场 Live,2026-07-29T02:46:39.316916+00:00
nhyT8HDT4lg,https://www.youtube.com/watch?v=nhyT8HDT4lg,"周杰倫 Jay Chou【爸 我回來了 Dad, I'm home】Official MV",周杰倫 Jay Chou,UC8CU5nVhCQIdAGrFFp4loOQ,230,,,,3735209,Jay Chou Official MV | 周杰伦 JVR Music | 周杰伦 Official Music Video | 周杰伦 lyric video | 周杰伦 完整版 | 周杰伦 官方 MV | 周杰伦 杰威尔音乐 | 周杰伦 歌曲 | 周杰伦 歌词版,2026-07-29T02:46:39.316916+00:00
LdPjnubLRN0,https://www.youtube.com/watch?v=LdPjnubLRN0,周杰倫 Jay Chou【爺爺泡的茶 Grandpa's Tea】Official MV,周杰倫 Jay Chou,UC8CU5nVhCQIdAGrFFp4loOQ,243,,,,9224041,周杰伦 JVR Music | 周杰伦 Official Music Video | 周杰伦 lyric video | 周杰伦 专辑 | 周杰伦 完整版 | 周杰伦 杰威尔音乐 | 周杰伦 歌曲 | 周杰伦 歌词版,2026-07-29T02:46:39.316916+00:00
9o20U91aJdg,https://www.youtube.com/watch?v=9o20U91aJdg,周杰倫 Jay Chou【牛仔很忙 Cowboy on the Run】-Official Music Video,周杰倫 Jay Chou,UC8CU5nVhCQIdAGrFFp4loOQ,169,,,,5815058,Jay Chou Official MV | 周杰伦 1080P MV | 周杰伦 JVR Music | 周杰伦 Official Music Video | 周杰伦 lyric video | 周杰伦 完整版 | 周杰伦 官方 MV | 周杰伦 杰威尔音乐 | 周杰伦 歌曲 | 周杰伦 歌词版 | 周杰伦 现场 Live | 周杰伦 高音质,2026-07-29T02:46:39.316916+00:00
jLkTp5CR7UU,https://www.youtube.com/watch?v=jLkTp5CR7UU,周杰倫【牛仔很忙 官方完整MV】Jay Chou  Cowboy On The Run  MV Niu Zi Hen Mang [4K],杰威爾歌詞MV頻道JVR Lyric MV,UCsMWXIFViw8KxCl1i7X8deA,169,,,,1168,周杰伦 4K MV,2026-07-29T02:46:39.316916+00:00
kYhh1PpsOg4,https://www.youtube.com/watch?v=kYhh1PpsOg4,周杰倫 Jay Chou【珊瑚海 Coral Sea (feat. 梁心頤 Lara)】-Official Music Video,周杰倫 Jay Chou,UC8CU5nVhCQIdAGrFFp4loOQ,264,,,,50698591,Jay Chou Official MV | 周杰伦 JVR Music | 周杰伦 Official Music Video | 周杰伦 lyric video | 周杰伦 专辑 | 周杰伦 官方 MV | 周杰伦 杰威尔音乐 | 周杰伦 歌曲 | 周杰伦 歌词版 | 周杰伦 演唱会 | 周杰伦 现场 Live,2026-07-29T02:46:39.316916+00:00
yHoadRoVF-U,https://www.youtube.com/watch?v=yHoadRoVF-U,周杰倫 Jay Chou【琴傷 Piano of Sorrow】Official MV,周杰倫 Jay Chou,UC8CU5nVhCQIdAGrFFp4loOQ,200,,,,3471277,Jay Chou Official MV | 周杰伦 JVR Music | 周杰伦 Official Music Video | 周杰伦 lyric video | 周杰伦 完整版 | 周杰伦 官方 MV | 周杰伦 杰威尔音乐 | 周杰伦 歌曲 | 周杰伦 现场 Live,2026-07-29T02:46:39.316916+00:00
mm8T-lBXQXA,https://www.youtube.com/watch?v=mm8T-lBXQXA,周杰倫 Jay Chou【甜甜的 Sweet】-Official Music Video,周杰倫 Jay Chou,UC8CU5nVhCQIdAGrFFp4loOQ,242,,,,6539380,Jay Chou Official MV | 周杰伦 JVR Music | 周杰伦 Official Music Video | 周杰伦 lyric video | 周杰伦 完整版 | 周杰伦 官方 MV | 周杰伦 杰威尔音乐 | 周杰伦 歌曲 | 周杰伦 歌词版 | 周杰伦 演唱会,2026-07-29T02:46:39.316916+00:00
Aa5j0_61Xfo,https://www.youtube.com/watch?v=Aa5j0_61Xfo,周杰倫 Jay Chou【療傷燒肉粽 Healing Rice Dumpling】Official MV,周杰倫 Jay Chou,UC8CU5nVhCQIdAGrFFp4loOQ,192,,,,6156567,Jay Chou Official MV,2026-07-29T02:46:39.316916+00:00
K9CbHZLXPIA,https://www.youtube.com/watch?v=K9CbHZLXPIA,周杰倫 Jay Chou【白色風車 White Windmill】-Official Music Video,周杰倫 Jay Chou,UC8CU5nVhCQIdAGrFFp4loOQ,292,,,,20535232,Jay Chou Official MV | 周杰伦 JVR Music | 周杰伦 Official Music Video | 周杰伦 lyric video | 周杰伦 专辑 | 周杰伦 官方 MV | 周杰伦 杰威尔音乐 | 周杰伦 歌曲 | 周杰伦 歌词版 | 周杰伦 演唱会 | 周杰伦 现场 Live | 周杰伦 高音质,2026-07-29T02:46:39.316916+00:00
qeW7xypeu6o,https://www.youtube.com/watch?v=qeW7xypeu6o,周杰倫 Jay Chou【皮影戲 Shadow Play】Official MV,周杰倫 Jay Chou,UC8CU5nVhCQIdAGrFFp4loOQ,214,,,,2595909,Jay Chou Official MV | 周杰伦 Official Music Video | 周杰伦 lyric video | 周杰伦 完整版 | 周杰伦 官方 MV | 周杰伦 歌曲 | 周杰伦 歌词版,2026-07-29T02:46:39.316916+00:00
sHD_z90ZKV0,https://www.youtube.com/watch?v=sHD_z90ZKV0,周杰倫 Jay Chou【稻香 Rice Field】-Official Music Video,周杰倫 Jay Chou,UC8CU5nVhCQIdAGrFFp4loOQ,224,,,,71031860,Jay Chou Official MV | 周杰伦 4K MV | 周杰伦 JVR Music | 周杰伦 Official Music Video | 周杰伦 lyric video | 周杰伦 专辑 | 周杰伦 完整版 | 周杰伦 杰威尔音乐 | 周杰伦 歌曲 | 周杰伦 歌词版 | 周杰伦 演唱会 | 周杰伦 现场 Live,2026-07-29T02:46:39.316916+00:00
_8OdiGdWJec,https://www.youtube.com/watch?v=_8OdiGdWJec,周杰倫 JAY CHOU【稻香Remix搖滾版 Rice Field Rock Remix】Official MV,周杰倫 Jay Chou,UC8CU5nVhCQIdAGrFFp4loOQ,145,,,,657971,Jay Chou Official MV | 周杰伦 JVR Music | 周杰伦 Official Music Video | 周杰伦 lyric video | 周杰伦 杰威尔音乐 | 周杰伦 歌曲 | 周杰伦 歌词版,2026-07-29T02:46:39.316916+00:00
6ZeE3vgwQSI,https://www.youtube.com/watch?v=6ZeE3vgwQSI,周杰倫 Jay Chou【竊愛 Stolen Love】Official MV,周杰倫 Jay Chou,UC8CU5nVhCQIdAGrFFp4loOQ,205,,,,6594351,Jay Chou Official MV | 周杰伦 JVR Music | 周杰伦 Official Music Video | 周杰伦 杰威尔音乐,2026-07-29T02:46:39.316916+00:00
QQucPUfXUQQ,https://www.youtube.com/watch?v=QQucPUfXUQQ,周杰倫Jay Chou(ジェイ・チョウ)【等你下課Waiting For You (with 楊瑞代 Gary)】(君を待っている) Official MV,周杰倫 Jay Chou,UC8CU5nVhCQIdAGrFFp4loOQ,270,,,,12195186,Jay Chou Official MV | 周杰伦 Official Music Video | 周杰伦 官方 MV,2026-07-29T02:46:39.316916+00:00
DloddSGraT0,https://www.youtube.com/watch?v=DloddSGraT0,周杰倫 Jay Chou【简单爱 Simple Love】- Lyric Video,杰威爾歌詞MV頻道JVR Lyric MV,UCsMWXIFViw8KxCl1i7X8deA,269,,,,13576,周杰伦 lyric video,2026-07-29T02:46:39.316916+00:00
v489sYYjtHI,https://www.youtube.com/watch?v=v489sYYjtHI,周杰倫 Jay Chou【算什麼男人 What Kind of Man】Official MV (ft. 林依晨),周杰倫 Jay Chou,UC8CU5nVhCQIdAGrFFp4loOQ,288,,,,118572619,Jay Chou Official MV | 周杰伦 4K MV | 周杰伦 JVR Music | 周杰伦 Official Music Video | 周杰伦 lyric video | 周杰伦 专辑 | 周杰伦 完整版 | 周杰伦 官方 MV | 周杰伦 杰威尔音乐 | 周杰伦 歌曲 | 周杰伦 歌词版 | 周杰伦 现场 Live,2026-07-29T02:46:39.316916+00:00
Y4xCVlyCvX4,https://www.youtube.com/watch?v=Y4xCVlyCvX4,周杰倫 Jay Chou【簡單愛 Simple Love】Official MV,周杰倫 Jay Chou,UC8CU5nVhCQIdAGrFFp4loOQ,270,,,,15947146,Jay Chou Official MV | 周杰伦 JVR Music | 周杰伦 Official Music Video | 周杰伦 专辑 | 周杰伦 完整版 | 周杰伦 官方 MV | 周杰伦 杰威尔音乐 | 周杰伦 歌曲 | 周杰伦 歌词版,2026-07-29T02:46:39.316916+00:00
KmaqqnLGUG0,https://www.youtube.com/watch?v=KmaqqnLGUG0,周杰倫 Jay Chou【米蘭小鐵匠 Little Blacksmith in Milan】Official MV,周杰倫 Jay Chou,UC8CU5nVhCQIdAGrFFp4loOQ,241,,,,3427712,Jay Chou Official MV | 周杰伦 JVR Music | 周杰伦 Official Music Video | 周杰伦 lyric video | 周杰伦 专辑 | 周杰伦 完整版 | 周杰伦 官方 MV | 周杰伦 杰威尔音乐 | 周杰伦 歌曲 | 周杰伦 歌词版 | 周杰伦 现场 Live,2026-07-29T02:46:39.316916+00:00
F_dGEjzRG_Y,https://www.youtube.com/watch?v=F_dGEjzRG_Y,周杰倫 Jay Chou【粉色海洋 Pink Ocean】Official MV,周杰倫 Jay Chou,UC8CU5nVhCQIdAGrFFp4loOQ,182,,,,12449341,Jay Chou Official MV | 周杰伦 4K MV | 周杰伦 JVR Music | 周杰伦 Official Music Video | 周杰伦 lyric video | 周杰伦 官方 MV | 周杰伦 杰威尔音乐 | 周杰伦 歌曲 | 周杰伦 高音质,2026-07-29T02:46:39.316916+00:00
L6joGUdc6y4,https://www.youtube.com/watch?v=L6joGUdc6y4,周杰倫 Jay Chou【紅塵客棧 Hong-Chen Inn】Official MV,周杰倫 Jay Chou,UC8CU5nVhCQIdAGrFFp4loOQ,276,,,,44936195,Jay Chou Official MV | 周杰伦 JVR Music | 周杰伦 Official Music Video | 周杰伦 lyric video | 周杰伦 专辑 | 周杰伦 完整版 | 周杰伦 官方 MV | 周杰伦 杰威尔音乐 | 周杰伦 歌曲,2026-07-29T02:46:39.316916+00:00
LL50Fu4UvG0,https://www.youtube.com/watch?v=LL50Fu4UvG0,周杰倫 Jay Chou【紅模仿 Moulin Rouge】-Official Music Video,周杰倫 Jay Chou,UC8CU5nVhCQIdAGrFFp4loOQ,185,,,,6129680,Jay Chou Official MV | 周杰伦 JVR Music | 周杰伦 Official Music Video | 周杰伦 官方 MV | 周杰伦 杰威尔音乐 | 周杰伦 歌曲 | 周杰伦 歌词版,2026-07-29T02:46:39.316916+00:00
APgx1k-2Tqc,https://www.youtube.com/watch?v=APgx1k-2Tqc,周杰倫 JAY CHOU ft. JABBAWOCKEEZ【紅顏如霜 Cold Hearted】Official MV,周杰倫 Jay Chou,UC8CU5nVhCQIdAGrFFp4loOQ,258,,,,22708943,Jay Chou Official MV | 周杰伦 4K MV | 周杰伦 Official Music Video | 周杰伦 lyric video | 周杰伦 专辑 | 周杰伦 官方 MV | 周杰伦 歌曲 | 周杰伦 歌词版 | 周杰伦 现场 Live,2026-07-29T02:46:39.316916+00:00
wt0RKW3aC84,https://www.youtube.com/watch?v=wt0RKW3aC84,周杰倫 Jay Chou【給我一首歌的時間 Give me the Time of One Song】-Official Music Video,周杰倫 Jay Chou,UC8CU5nVhCQIdAGrFFp4loOQ,254,,,,82331699,Jay Chou Official MV | 周杰伦 4K MV | 周杰伦 JVR Music | 周杰伦 Official Music Video | 周杰伦 lyric video | 周杰伦 专辑 | 周杰伦 完整版 | 周杰伦 官方 MV | 周杰伦 杰威尔音乐 | 周杰伦 歌曲 | 周杰伦 歌词版 | 周杰伦 演唱会 | 周杰伦 现场 Live | 周杰伦 高音质,2026-07-29T02:46:39.316916+00:00
nHtW9w12uYc,https://www.youtube.com/watch?v=nHtW9w12uYc,周杰倫 Jay Chou【美人魚 Mermaid】Official MV,周杰倫 Jay Chou,UC8CU5nVhCQIdAGrFFp4loOQ,215,,,,7278432,Jay Chou Official MV | 周杰伦 4K MV | 周杰伦 JVR Music | 周杰伦 Official Music Video | 周杰伦 完整版 | 周杰伦 官方 MV | 周杰伦 杰威尔音乐 | 周杰伦 歌词版,2026-07-29T02:46:39.316916+00:00
IXuhdnB2dAY,https://www.youtube.com/watch?v=IXuhdnB2dAY,周杰倫 JAY CHOU (feat. 楊瑞代) 【聖誕星 Christmas Star】Official MV,周杰倫 Jay Chou,UC8CU5nVhCQIdAGrFFp4loOQ,183,,,,8821780,Jay Chou Official MV | 周杰伦 JVR Music | 周杰伦 Official Music Video | 周杰伦 lyric video | 周杰伦 专辑 | 周杰伦 官方 MV | 周杰伦 杰威尔音乐 | 周杰伦 演唱会,2026-07-29T02:46:39.316916+00:00
_B8RaLCNUZw,https://www.youtube.com/watch?v=_B8RaLCNUZw,周杰倫 Jay Chou【聽媽媽的話 Listen to Mom】-Official Music Video,周杰倫 Jay Chou,UC8CU5nVhCQIdAGrFFp4loOQ,266,,,,62013931,Jay Chou Official MV | 周杰伦 4K MV | 周杰伦 JVR Music | 周杰伦 Official Music Video | 周杰伦 lyric video | 周杰伦 专辑 | 周杰伦 完整版 | 周杰伦 官方 MV | 周杰伦 杰威尔音乐 | 周杰伦 歌曲 | 周杰伦 歌词版 | 周杰伦 演唱会 | 周杰伦 现场 Live | 周杰伦 高音质,2026-07-29T02:46:39.316916+00:00
eS2T9IiOYbc,https://www.youtube.com/watch?v=eS2T9IiOYbc,周杰倫 Jay Chou【聽爸爸的話 Listen to Dad】Official MV,周杰倫 Jay Chou,UC8CU5nVhCQIdAGrFFp4loOQ,273,,,,41267961,Jay Chou Official MV | 周杰伦 JVR Music | 周杰伦 Official Music Video | 周杰伦 lyric video | 周杰伦 官方 MV | 周杰伦 杰威尔音乐 | 周杰伦 现场 Live,2026-07-29T02:46:39.316916+00:00
zqKoXPHhmsM,https://www.youtube.com/watch?v=zqKoXPHhmsM,周杰倫 Jay Chou【聽見下雨的聲音 Rhythm of the Rain】Official MV,周杰倫 Jay Chou,UC8CU5nVhCQIdAGrFFp4loOQ,284,,,,105046178,Jay Chou Official MV | 周杰伦 4K MV | 周杰伦 JVR Music | 周杰伦 Official Music Video | 周杰伦 lyric video | 周杰伦 专辑 | 周杰伦 完整版 | 周杰伦 官方 MV | 周杰伦 杰威尔音乐 | 周杰伦 歌曲 | 周杰伦 歌词版 | 周杰伦 现场 Live,2026-07-29T02:46:39.316916+00:00
pbyWurQZ948,https://www.youtube.com/watch?v=pbyWurQZ948,周杰倫 Jay Chou【自導自演 Self-directed Act】Official MV,周杰倫 Jay Chou,UC8CU5nVhCQIdAGrFFp4loOQ,268,,,,3208677,Jay Chou Official MV | 周杰伦 完整版 | 周杰伦 歌词版,2026-07-29T02:46:39.316916+00:00
q1ww6bDjfiI,https://www.youtube.com/watch?v=q1ww6bDjfiI,周杰倫 Jay Chou【花海 Floral Sea】-Official Music Video,周杰倫 Jay Chou,UC8CU5nVhCQIdAGrFFp4loOQ,264,,,,16943812,Jay Chou Official MV | 周杰伦 JVR Music | 周杰伦 Official Music Video | 周杰伦 lyric video | 周杰伦 专辑 | 周杰伦 完整版 | 周杰伦 官方 MV | 周杰伦 杰威尔音乐 | 周杰伦 歌曲 | 周杰伦 歌词版 | 周杰伦 演唱会 | 周杰伦 现场 Live,2026-07-29T02:46:39.316916+00:00
oQqM30Oh-Pk,https://www.youtube.com/watch?v=oQqM30Oh-Pk,周杰倫 Jay Chou【英雄 Hero】Official MV,周杰倫 Jay Chou,UC8CU5nVhCQIdAGrFFp4loOQ,199,,,,437977,Jay Chou Official MV | 周杰伦 JVR Music | 周杰伦 Official Music Video | 周杰伦 官方 MV | 周杰伦 歌词版 | 周杰伦 高音质,2026-07-29T02:46:39.316916+00:00
PdjbRvvJAzg,https://www.youtube.com/watch?v=PdjbRvvJAzg,周杰倫 Jay Chou【菊花台 Chrysanthemum Terrace】-Official Music Video,周杰倫 Jay Chou,UC8CU5nVhCQIdAGrFFp4loOQ,296,,,,37599670,Jay Chou Official MV | 周杰伦 4K MV | 周杰伦 JVR Music | 周杰伦 Official Music Video | 周杰伦 lyric video | 周杰伦 专辑 | 周杰伦 完整版 | 周杰伦 官方 MV | 周杰伦 杰威尔音乐 | 周杰伦 歌曲 | 周杰伦 歌词版 | 周杰伦 演唱会 | 周杰伦 现场 Live,2026-07-29T02:46:39.316916+00:00
VitJnr3IySc,https://www.youtube.com/watch?v=VitJnr3IySc,周杰倫 Jay Chou【蒲公英的約定 A Dandelion's Promise】-Official Music Video,周杰倫 Jay Chou,UC8CU5nVhCQIdAGrFFp4loOQ,248,,,,34296882,Jay Chou Official MV | 周杰伦 4K MV | 周杰伦 JVR Music | 周杰伦 Official Music Video | 周杰伦 完整版 | 周杰伦 官方 MV | 周杰伦 杰威尔音乐 | 周杰伦 歌曲 | 周杰伦 演唱会 | 周杰伦 现场 Live,2026-07-29T02:46:39.316916+00:00
KcK8WurGpEQ,https://www.youtube.com/watch?v=KcK8WurGpEQ,周杰倫 Jay Chou【藉口 Excuse】-Official Music Video,周杰倫 Jay Chou,UC8CU5nVhCQIdAGrFFp4loOQ,270,,,,36611756,Jay Chou Official MV | 周杰伦 4K MV | 周杰伦 JVR Music | 周杰伦 Official Music Video | 周杰伦 lyric video | 周杰伦 完整版 | 周杰伦 官方 MV | 周杰伦 歌曲 | 周杰伦 歌词版,2026-07-29T02:46:39.316916+00:00
P7ItYKdY0WU,https://www.youtube.com/watch?v=P7ItYKdY0WU,周杰倫 Jay Chou【藍色風暴 Blue Storm】-Official Music Video,周杰倫 Jay Chou,UC8CU5nVhCQIdAGrFFp4loOQ,289,,,,2848026,周杰伦 4K MV | 周杰伦 Official Music Video,2026-07-29T02:46:39.316916+00:00
s5Xl5MXboas,https://www.youtube.com/watch?v=s5Xl5MXboas,周杰倫 Jay Chou【蘭亭序 Lan-Ting-Xu】-Official Music Video,周杰倫 Jay Chou,UC8CU5nVhCQIdAGrFFp4loOQ,266,,,,25389051,Jay Chou Official MV | 周杰伦 Official Music Video | 周杰伦 lyric video | 周杰伦 专辑 | 周杰伦 完整版 | 周杰伦 官方 MV | 周杰伦 杰威尔音乐 | 周杰伦 歌曲 | 周杰伦 歌词版 | 周杰伦 现场 Live | 周杰伦 高音质,2026-07-29T02:46:39.316916+00:00
aO9SU-w8hnM,https://www.youtube.com/watch?v=aO9SU-w8hnM,周杰倫 Jay Chou【蛇舞 Snake Dance】-Official Music Video,周杰倫 Jay Chou,UC8CU5nVhCQIdAGrFFp4loOQ,175,,,,2561637,Jay Chou Official MV | 周杰伦 1080P MV | 周杰伦 JVR Music | 周杰伦 Official Music Video | 周杰伦 lyric video | 周杰伦 完整版 | 周杰伦 官方 MV | 周杰伦 歌曲 | 周杰伦 歌词版,2026-07-29T02:46:39.316916+00:00
H7pOrQEnc3c,https://www.youtube.com/watch?v=H7pOrQEnc3c,周杰倫 Jay Chou【蝸牛 Snail】Official MV,周杰倫 Jay Chou,UC8CU5nVhCQIdAGrFFp4loOQ,240,,,,3001958,Jay Chou Official MV | 周杰伦 1080P MV | 周杰伦 JVR Music | 周杰伦 Official Music Video | 周杰伦 lyric video | 周杰伦 完整版 | 周杰伦 官方 MV | 周杰伦 歌曲 | 周杰伦 歌词版 | 周杰伦 演唱会 | 周杰伦 现场 Live,2026-07-29T02:46:39.316916+00:00
2VGwf6rGy6E,https://www.youtube.com/watch?v=2VGwf6rGy6E,Jay Chou 周杰倫 【 西西里】Sicily Lyric Video,杰威爾歌詞MV頻道JVR Lyric MV,UCsMWXIFViw8KxCl1i7X8deA,228,,,,53012,周杰伦 lyric video,2026-07-29T02:46:39.316916+00:00
KKsioz-zaZY,https://www.youtube.com/watch?v=KKsioz-zaZY,周杰倫 Jay Chou【說了再見 Say Goodbye】Official MV,周杰倫 Jay Chou,UC8CU5nVhCQIdAGrFFp4loOQ,288,,,,70355093,Jay Chou Official MV | 周杰伦 JVR Music | 周杰伦 Official Music Video | 周杰伦 lyric video | 周杰伦 完整版 | 周杰伦 官方 MV | 周杰伦 杰威尔音乐 | 周杰伦 歌曲 | 周杰伦 演唱会 | 周杰伦 现场 Live | 周杰伦 高音质,2026-07-29T02:46:39.316916+00:00
HK7SPnGSxLM,https://www.youtube.com/watch?v=HK7SPnGSxLM,周杰倫 Jay Chou【說好不哭 Won't Cry】with 五月天阿信 (Mayday Ashin) Official MV,周杰倫 Jay Chou,UC8CU5nVhCQIdAGrFFp4loOQ,232,,,,90063887,Jay Chou Official MV | 周杰伦 4K MV | 周杰伦 JVR Music | 周杰伦 Official Music Video | 周杰伦 lyric video | 周杰伦 专辑 | 周杰伦 完整版 | 周杰伦 官方 MV | 周杰伦 杰威尔音乐 | 周杰伦 歌曲 | 周杰伦 歌词版 | 周杰伦 高音质,2026-07-29T02:46:39.316916+00:00
mLFhTFiX0uM,https://www.youtube.com/watch?v=mLFhTFiX0uM,周杰倫 Jay Chou【說好的幸福呢 The Promised Love】-Official Music Video,周杰倫 Jay Chou,UC8CU5nVhCQIdAGrFFp4loOQ,257,,,,78330014,Jay Chou Official MV | 周杰伦 4K MV | 周杰伦 JVR Music | 周杰伦 Official Music Video | 周杰伦 lyric video | 周杰伦 专辑 | 周杰伦 完整版 | 周杰伦 官方 MV | 周杰伦 杰威尔音乐 | 周杰伦 歌曲 | 周杰伦 歌词版 | 周杰伦 演唱会 | 周杰伦 现场 Live,2026-07-29T02:46:39.316916+00:00
NH43WjeoVgs,https://www.youtube.com/watch?v=NH43WjeoVgs,周杰倫 Jay Chou【 說走就走 Let's Go】Official MV,周杰倫 Jay Chou,UC8CU5nVhCQIdAGrFFp4loOQ,265,,,,9812848,Jay Chou Official MV | 周杰伦 JVR Music | 周杰伦 Official Music Video | 周杰伦 官方 MV,2026-07-29T02:46:39.316916+00:00
a7ziV-RjqBo,https://www.youtube.com/watch?v=a7ziV-RjqBo,Jay Chou 周杰倫【Who Cares 誰稀罕】Official Music Video,周杰倫 Jay Chou,UC8CU5nVhCQIdAGrFFp4loOQ,263,,,,4453473,Jay Chou Official MV | 周杰伦 JVR Music | 周杰伦 Official Music Video | 周杰伦 lyric video | 周杰伦 专辑 | 周杰伦 完整版 | 周杰伦 官方 MV | 周杰伦 杰威尔音乐 | 周杰伦 歌曲 | 周杰伦 歌词版 | 周杰伦 演唱会 | 周杰伦 现场 Live,2026-07-29T02:46:39.316916+00:00
4j0Fgmsxr-o,https://www.youtube.com/watch?v=4j0Fgmsxr-o,周杰倫 Jay Chou【超人不會飛 Superman Can't Fly】Official MV,周杰倫 Jay Chou,UC8CU5nVhCQIdAGrFFp4loOQ,303,,,,16618382,Jay Chou Official MV | 周杰伦 Official Music Video | 周杰伦 lyric video | 周杰伦 完整版 | 周杰伦 官方 MV | 周杰伦 歌曲 | 周杰伦 歌词版 | 周杰伦 演唱会 | 周杰伦 现场 Live | 周杰伦 高音质,2026-07-29T02:46:39.316916+00:00
CllkiAZajJI,https://www.youtube.com/watch?v=CllkiAZajJI,周杰倫 Jay Chou【超跑女神 Sports Car Model】Official MV,周杰倫 Jay Chou,UC8CU5nVhCQIdAGrFFp4loOQ,153,,,,5943612,周杰伦 JVR Music | 周杰伦 Official Music Video,2026-07-29T02:46:39.316916+00:00
-WkecBaA4z8,https://www.youtube.com/watch?v=-WkecBaA4z8,周杰倫 Jay Chou【跨時代 The Era】Official MV,周杰倫 Jay Chou,UC8CU5nVhCQIdAGrFFp4loOQ,218,,,,3191160,Jay Chou Official MV | 周杰伦 Official Music Video | 周杰伦 完整版 | 周杰伦 官方 MV | 周杰伦 歌曲 | 周杰伦 歌词版,2026-07-29T02:46:39.316916+00:00
SdBwt6pyNwE,https://www.youtube.com/watch?v=SdBwt6pyNwE,周杰倫 Jay Chou【 軌跡 Tracks】Official MV,周杰倫 Jay Chou,UC8CU5nVhCQIdAGrFFp4loOQ,326,,,,25240747,Jay Chou Official MV | 周杰伦 JVR Music | 周杰伦 Official Music Video | 周杰伦 lyric video | 周杰伦 专辑 | 周杰伦 官方 MV | 周杰伦 杰威尔音乐 | 周杰伦 歌曲 | 周杰伦 歌词版 | 周杰伦 演唱会 | 周杰伦 高音质,2026-07-29T02:46:39.316916+00:00
K0Myfz5phlY,https://www.youtube.com/watch?v=K0Myfz5phlY,周杰倫 Jay Chou【迷迭香 Rosemary】-Official Music Video,周杰倫 Jay Chou,UC8CU5nVhCQIdAGrFFp4loOQ,261,,,,6280857,周杰伦 JVR Music | 周杰伦 Official Music Video | 周杰伦 lyric video | 周杰伦 官方 MV | 周杰伦 歌曲 | 周杰伦 歌词版,2026-07-29T02:46:39.316916+00:00
rFxBQWh7ZOQ,https://www.youtube.com/watch?v=rFxBQWh7ZOQ,周杰倫 Jay Chou【迷魂曲 Enchanting Melody】Official MV,周杰倫 Jay Chou,UC8CU5nVhCQIdAGrFFp4loOQ,228,,,,2253099,Jay Chou Official MV | 周杰伦 Official Music Video | 周杰伦 lyric video | 周杰伦 完整版 | 周杰伦 官方 MV | 周杰伦 歌曲 | 周杰伦 歌词版 | 周杰伦 现场 Live,2026-07-29T02:46:39.316916+00:00
0-4mm0e2h44,https://www.youtube.com/watch?v=0-4mm0e2h44,周杰倫 Jay Chou【退後 A Step Back】-Official Music Video,周杰倫 Jay Chou,UC8CU5nVhCQIdAGrFFp4loOQ,303,,,,28150965,Jay Chou Official MV | 周杰伦 4K MV | 周杰伦 JVR Music | 周杰伦 Official Music Video | 周杰伦 lyric video | 周杰伦 专辑 | 周杰伦 官方 MV | 周杰伦 歌曲 | 周杰伦 歌词版 | 周杰伦 演唱会 | 周杰伦 高音质,2026-07-29T02:46:39.316916+00:00
jD0c4QY7L8s,https://www.youtube.com/watch?v=jD0c4QY7L8s,周杰倫 Jay Chou【逆鱗 Against】-Official Music Video,周杰倫 Jay Chou,UC8CU5nVhCQIdAGrFFp4loOQ,252,,,,2486937,Jay Chou Official MV | 周杰伦 JVR Music | 周杰伦 Official Music Video | 周杰伦 lyric video | 周杰伦 歌曲 | 周杰伦 歌词版,2026-07-29T02:46:39.316916+00:00
BSlMAJ7SkMA,https://www.youtube.com/watch?v=BSlMAJ7SkMA,周杰倫 Jay Chou【還在流浪 Still Wandering】Official MV,周杰倫 Jay Chou,UC8CU5nVhCQIdAGrFFp4loOQ,265,,,,23242120,Jay Chou Official MV | 周杰伦 Official Music Video | 周杰伦 lyric video | 周杰伦 专辑 | 周杰伦 官方 MV | 周杰伦 歌词版 | 周杰伦 现场 Live | 周杰伦 高音质,2026-07-29T02:46:39.316916+00:00
lkxWU9dURuc,https://www.youtube.com/watch?v=lkxWU9dURuc,Jay Chou 周杰倫 【那天下雨了】The day it rained Lyric Video,杰威爾歌詞MV頻道JVR Lyric MV,UCsMWXIFViw8KxCl1i7X8deA,220,,,,240621,Jay Chou Official MV | 周杰伦 JVR Music | 周杰伦 Official Music Video | 周杰伦 lyric video | 周杰伦 官方 MV | 周杰伦 杰威尔音乐 | 周杰伦 歌曲 | 周杰伦 歌词版,2026-07-29T02:46:39.316916+00:00
XAhKFiPqGRQ,https://www.youtube.com/watch?v=XAhKFiPqGRQ,Jay Chou 周杰倫【Country Road 鄉間的路】Official Music Video,周杰倫 Jay Chou,UC8CU5nVhCQIdAGrFFp4loOQ,213,,,,3707729,Jay Chou Official MV | 周杰伦 1080P MV | 周杰伦 4K MV | 周杰伦 JVR Music | 周杰伦 lyric video | 周杰伦 官方 MV | 周杰伦 杰威尔音乐 | 周杰伦 歌曲 | 周杰伦 歌词版 | 周杰伦 演唱会 | 周杰伦 高音质,2026-07-29T02:46:39.316916+00:00
9tN1xixvYOc,https://www.youtube.com/watch?v=9tN1xixvYOc,周杰倫 Jay Chou【錯過的煙火 You Are The Firework I Missed】Official MV,周杰倫 Jay Chou,UC8CU5nVhCQIdAGrFFp4loOQ,255,,,,13649523,Jay Chou Official MV | 周杰伦 4K MV | 周杰伦 JVR Music | 周杰伦 Official Music Video | 周杰伦 专辑 | 周杰伦 官方 MV | 周杰伦 杰威尔音乐 | 周杰伦 歌曲 | 周杰伦 演唱会 | 周杰伦 现场 Live | 周杰伦 高音质,2026-07-29T02:46:39.316916+00:00
H7hpK6cm-6k,https://www.youtube.com/watch?v=H7hpK6cm-6k,周杰倫 Jay Chou【開不了口 I Find It Hard To Say】Official MV,周杰倫 Jay Chou,UC8CU5nVhCQIdAGrFFp4loOQ,293,,,,37265712,Jay Chou Official MV | 周杰伦 4K MV | 周杰伦 Official Music Video | 周杰伦 lyric video | 周杰伦 完整版 | 周杰伦 官方 MV | 周杰伦 杰威尔音乐 | 周杰伦 歌曲 | 周杰伦 歌词版 | 周杰伦 高音质,2026-07-29T02:46:39.316916+00:00
qQ7g1tfEGFc,https://www.youtube.com/watch?v=qQ7g1tfEGFc,周杰倫 Jay Chou【陽光宅男 Sunshine Nerd】-Official Music Video,周杰倫 Jay Chou,UC8CU5nVhCQIdAGrFFp4loOQ,222,,,,17559455,Jay Chou Official MV | 周杰伦 Official Music Video | 周杰伦 lyric video | 周杰伦 专辑 | 周杰伦 完整版 | 周杰伦 官方 MV | 周杰伦 杰威尔音乐 | 周杰伦 歌曲 | 周杰伦 歌词版 | 周杰伦 高音质,2026-07-29T02:46:39.316916+00:00
BZlFlBnwfOQ,https://www.youtube.com/watch?v=BZlFlBnwfOQ,周杰倫 Jay Chou【陽明山 Yang-Ming Mountain】Official MV (ft. Henry Link),周杰倫 Jay Chou,UC8CU5nVhCQIdAGrFFp4loOQ,155,,,,6072925,Jay Chou Official MV | 周杰伦 Official Music Video | 周杰伦 lyric video | 周杰伦 完整版 | 周杰伦 官方 MV | 周杰伦 歌曲 | 周杰伦 歌词版,2026-07-29T02:46:39.316916+00:00
T4qPsRLjGCY,https://www.youtube.com/watch?v=T4qPsRLjGCY,周杰倫 Jay Chou 【雙刀 Double Blade】-Official Music Video,周杰倫 Jay Chou,UC8CU5nVhCQIdAGrFFp4loOQ,372,,,,1412154,Jay Chou Official MV | 周杰伦 1080P MV | 周杰伦 Official Music Video | 周杰伦 lyric video | 周杰伦 完整版 | 周杰伦 官方 MV | 周杰伦 歌曲 | 周杰伦 歌词版,2026-07-29T02:46:39.316916+00:00
OR-0wptI_u0,https://www.youtube.com/watch?v=OR-0wptI_u0,周杰倫 Jay Chou【雙截棍 Nunchucks】Official MV,周杰倫 Jay Chou,UC8CU5nVhCQIdAGrFFp4loOQ,205,,,,8396765,周杰伦 4K MV | 周杰伦 Official Music Video | 周杰伦 lyric video | 周杰伦 完整版 | 周杰伦 官方 MV | 周杰伦 歌曲 | 周杰伦 歌词版 | 周杰伦 现场 Live,2026-07-29T02:46:39.316916+00:00
jOxzAsnx9-0,https://www.youtube.com/watch?v=jOxzAsnx9-0,周杰倫 Jay Chou【雨下一整晚 Rain All Night】Official MV,周杰倫 Jay Chou,UC8CU5nVhCQIdAGrFFp4loOQ,268,,,,6455771,Jay Chou Official MV | 周杰伦 4K MV | 周杰伦 JVR Music | 周杰伦 Official Music Video | 周杰伦 lyric video | 周杰伦 完整版 | 周杰伦 官方 MV | 周杰伦 歌曲 | 周杰伦 歌词版,2026-07-29T02:46:39.316916+00:00
wr-6wwt8RXk,https://www.youtube.com/watch?v=wr-6wwt8RXk,周杰倫 Jay Chou【霍元甲 Fearless】-Official Music Video,周杰倫 Jay Chou,UC8CU5nVhCQIdAGrFFp4loOQ,278,,,,35067248,Jay Chou Official MV | 周杰伦 4K MV | 周杰伦 JVR Music | 周杰伦 Official Music Video | 周杰伦 Sony Music Taiwan | 周杰伦 lyric video | 周杰伦 完整版 | 周杰伦 官方 MV | 周杰伦 杰威尔音乐 | 周杰伦 歌曲 | 周杰伦 歌词版 | 周杰伦 现场 Live | 周杰伦 高音质,2026-07-29T02:46:39.316916+00:00
Z8Mqw0b9ADs,https://www.youtube.com/watch?v=Z8Mqw0b9ADs,周杰倫 Jay Chou【青花瓷 Blue and White Porcelain】-Official Music Video,周杰倫 Jay Chou,UC8CU5nVhCQIdAGrFFp4loOQ,244,,,,73712609,Jay Chou Official MV | 周杰伦 1080P MV | 周杰伦 4K MV | 周杰伦 JVR Music | 周杰伦 Official Music Video | 周杰伦 lyric video | 周杰伦 专辑 | 周杰伦 完整版 | 周杰伦 官方 MV | 周杰伦 杰威尔音乐 | 周杰伦 歌曲 | 周杰伦 高音质,2026-07-29T02:46:39.316916+00:00
syYc5dydzmE,https://www.youtube.com/watch?v=syYc5dydzmE,周杰倫 Jay Chou【鞋子特大號 Extra Large Shoes】Official MV,周杰倫 Jay Chou,UC8CU5nVhCQIdAGrFFp4loOQ,223,,,,12044804,Jay Chou Official MV | 周杰伦 Official Music Video,2026-07-29T02:46:39.316916+00:00
X2njc8is50o,https://www.youtube.com/watch?v=X2njc8is50o,周杰倫 Jay Chou【飄移 Drift】(頭文字Dの実写版)-Official Music Video,周杰倫 Jay Chou,UC8CU5nVhCQIdAGrFFp4loOQ,231,,,,12704615,周杰伦 4K MV | 周杰伦 JVR Music | 周杰伦 Official Music Video | 周杰伦 lyric video | 周杰伦 专辑 | 周杰伦 完整版 | 周杰伦 官方 MV | 周杰伦 杰威尔音乐 | 周杰伦 歌曲 | 周杰伦 歌词版 | 周杰伦 现场 Live,2026-07-29T02:46:39.316916+00:00
JNS-KT_iwmg,https://www.youtube.com/watch?v=JNS-KT_iwmg,周杰倫 Jay Chou【驚嘆號 Exclamation Point】Official MV,周杰倫 Jay Chou,UC8CU5nVhCQIdAGrFFp4loOQ,239,,,,4270972,Jay Chou Official MV | 周杰伦 Official Music Video | 周杰伦 完整版 | 周杰伦 官方 MV | 周杰伦 歌词版,2026-07-29T02:46:39.316916+00:00
aaM7qG2ycjk,https://www.youtube.com/watch?v=aaM7qG2ycjk,周杰倫 Jay Chou【髮如雪 Hair White as Snow】-Official Music Video,周杰倫 Jay Chou,UC8CU5nVhCQIdAGrFFp4loOQ,302,,,,63512338,Jay Chou Official MV | 周杰伦 Official Music Video | 周杰伦 lyric video | 周杰伦 专辑 | 周杰伦 完整版 | 周杰伦 杰威尔音乐 | 周杰伦 歌曲 | 周杰伦 歌词版 | 周杰伦 演唱会 | 周杰伦 现场 Live | 周杰伦 高音质,2026-07-29T02:46:39.316916+00:00
npiAxeLtHDM,https://www.youtube.com/watch?v=npiAxeLtHDM,周杰倫 Jay Chou【鬥牛 Basketball Match】-Official Music Video,周杰倫 Jay Chou,UC8CU5nVhCQIdAGrFFp4loOQ,290,,,,2736823,Jay Chou Official MV | 周杰伦 JVR Music | 周杰伦 Official Music Video | 周杰伦 lyric video | 周杰伦 完整版 | 周杰伦 官方 MV | 周杰伦 杰威尔音乐 | 周杰伦 歌曲 | 周杰伦 歌词版 | 周杰伦 现场 Live | 周杰伦 高音质,2026-07-29T02:46:39.316916+00:00
UXwHuKmuhW8,https://www.youtube.com/watch?v=UXwHuKmuhW8,周杰倫 Jay Chou【魔術先生Magician】-Official Music Video,周杰倫 Jay Chou,UC8CU5nVhCQIdAGrFFp4loOQ,184,,,,2008447,Jay Chou Official MV | 周杰伦 4K MV | 周杰伦 JVR Music | 周杰伦 Official Music Video | 周杰伦 完整版 | 周杰伦 官方 MV | 周杰伦 歌曲 | 周杰伦 歌词版,2026-07-29T02:46:39.316916+00:00
mamQvkO6lyU,https://www.youtube.com/watch?v=mamQvkO6lyU,Jay Chou 周杰倫【麥烝瑋 Mai】-Official Music Video,周杰倫 Jay Chou,UC8CU5nVhCQIdAGrFFp4loOQ,255,,,,426477,Jay Chou Official MV | 周杰伦 Official Music Video | 周杰伦 lyric video | 周杰伦 完整版 | 周杰伦 官方 MV,2026-07-29T02:46:39.316916+00:00
Hq47d-ouX_Y,https://www.youtube.com/watch?v=Hq47d-ouX_Y,周杰倫 Jay Chou【麥芽糖 Malt Candy】-Official Music Video,周杰倫 Jay Chou,UC8CU5nVhCQIdAGrFFp4loOQ,261,,,,2670492,Jay Chou Official MV | 周杰伦 Official Music Video | 周杰伦 lyric video | 周杰伦 官方 MV | 周杰伦 歌曲,2026-07-29T02:46:39.316916+00:00
DuErkkiCaZU,https://www.youtube.com/watch?v=DuErkkiCaZU,周杰倫 Jay Chou【黃金甲 Golden Armor】-Official Music Video,周杰倫 Jay Chou,UC8CU5nVhCQIdAGrFFp4loOQ,220,,,,4319889,Jay Chou Official MV | 周杰伦 4K MV | 周杰伦 Official Music Video | 周杰伦 lyric video | 周杰伦 专辑 | 周杰伦 完整版 | 周杰伦 官方 MV | 周杰伦 歌曲 | 周杰伦 歌词版,2026-07-29T02:46:39.316916+00:00
wRT-5heURhY,https://www.youtube.com/watch?v=wRT-5heURhY,周杰倫 Jay Chou【黑色幽默 Dark Humor】-Official Music Video,周杰倫 Jay Chou,UC8CU5nVhCQIdAGrFFp4loOQ,285,,,,12717624,Jay Chou Official MV | 周杰伦 JVR Music | 周杰伦 Official Music Video | 周杰伦 lyric video | 周杰伦 完整版 | 周杰伦 官方 MV | 周杰伦 杰威尔音乐 | 周杰伦 歌曲 | 周杰伦 歌词版 | 周杰伦 演唱会 | 周杰伦 现场 Live,2026-07-29T02:46:39.316916+00:00
bX33UI9ZPLk,https://www.youtube.com/watch?v=bX33UI9ZPLk,周杰倫 Jay Chou【黑色毛衣 Black Sweater】-Official Music Video,周杰倫 Jay Chou,UC8CU5nVhCQIdAGrFFp4loOQ,254,,,,21930058,Jay Chou Official MV | 周杰伦 Official Music Video | 周杰伦 lyric video | 周杰伦 官方 MV | 周杰伦 杰威尔音乐 | 周杰伦 歌曲 | 周杰伦 歌词版 | 周杰伦 高音质,2026-07-29T02:46:39.316916+00:00
6VRioN8euIs,https://www.youtube.com/watch?v=6VRioN8euIs,周杰倫 Jay Chou【龍戰騎士 Dragon Rider】-Official Music Video,周杰倫 Jay Chou,UC8CU5nVhCQIdAGrFFp4loOQ,322,,,,3486178,Jay Chou Official MV | 周杰伦 Official Music Video | 周杰伦 完整版 | 周杰伦 杰威尔音乐 | 周杰伦 歌曲 | 周杰伦 歌词版 | 周杰伦 现场 Live,2026-07-29T02:46:39.316916+00:00
_byK6M95hTc,https://www.youtube.com/watch?v=_byK6M95hTc,周杰倫 Jay Chou【龍拳 Dragon Fist】Official MV,周杰倫 Jay Chou,UC8CU5nVhCQIdAGrFFp4loOQ,279,,,,3412860,周杰伦 4K MV | 周杰伦 JVR Music | 周杰伦 Official Music Video | 周杰伦 lyric video | 周杰伦 完整版 | 周杰伦 官方 MV | 周杰伦 高音质,2026-07-29T02:46:39.316916+00:00
RPWDeLqsN0g,https://www.youtube.com/watch?v=RPWDeLqsN0g,周杰倫 Jay Chou【龍捲風 Tornado】-Official Music Video,周杰倫 Jay Chou,UC8CU5nVhCQIdAGrFFp4loOQ,255,,,,25551309,Jay Chou Official MV | 周杰伦 Official Music Video | 周杰伦 lyric video | 周杰伦 专辑 | 周杰伦 完整版 | 周杰伦 官方 MV | 周杰伦 杰威尔音乐 | 周杰伦 现场 Live,2026-07-29T02:46:39.316916+00:00
